-- phpMyAdmin SQL Dump
-- version 5.2.1
-- https://www.phpmyadmin.net/
--
-- Host: 127.0.0.1
-- Generation Time: May 09, 2023 at 06:54 PM
-- Server version: 10.4.28-MariaDB
-- PHP Version: 8.2.4

SET SQL_MODE = "NO_AUTO_VALUE_ON_ZERO";
START TRANSACTION;
SET time_zone = "+00:00";


/*!40101 SET @OLD_CHARACTER_SET_CLIENT=@@CHARACTER_SET_CLIENT */;
/*!40101 SET @OLD_CHARACTER_SET_RESULTS=@@CHARACTER_SET_RESULTS */;
/*!40101 SET @OLD_COLLATION_CONNECTION=@@COLLATION_CONNECTION */;
/*!40101 SET NAMES utf8mb4 */;

--
-- Database: `utalii`
--

-- --------------------------------------------------------

--
-- Table structure for table `blood_groups`
--

CREATE TABLE `blood_groups` (
  `id` int(10) UNSIGNED NOT NULL,
  `name` varchar(255) NOT NULL,
  `created_at` timestamp NULL DEFAULT NULL,
  `updated_at` timestamp NULL DEFAULT NULL
) ENGINE=InnoDB DEFAULT CHARSET=utf8mb4 COLLATE=utf8mb4_unicode_ci;

--
-- Dumping data for table `blood_groups`
--

INSERT INTO `blood_groups` (`id`, `name`, `created_at`, `updated_at`) VALUES
(25, 'O-', '2023-05-08 04:14:26', '2023-05-08 04:14:26'),
(26, 'O+', '2023-05-08 04:14:26', '2023-05-08 04:14:26'),
(27, 'A+', '2023-05-08 04:14:26', '2023-05-08 04:14:26'),
(28, 'A-', '2023-05-08 04:14:26', '2023-05-08 04:14:26'),
(29, 'B+', '2023-05-08 04:14:26', '2023-05-08 04:14:26'),
(30, 'B-', '2023-05-08 04:14:26', '2023-05-08 04:14:26'),
(31, 'AB+', '2023-05-08 04:14:26', '2023-05-08 04:14:26'),
(32, 'AB-', '2023-05-08 04:14:26', '2023-05-08 04:14:26');

-- --------------------------------------------------------

--
-- Table structure for table `books`
--

CREATE TABLE `books` (
  `id` int(10) UNSIGNED NOT NULL,
  `name` varchar(100) NOT NULL,
  `my_class_id` int(10) UNSIGNED DEFAULT NULL,
  `description` varchar(255) DEFAULT NULL,
  `author` varchar(255) DEFAULT NULL,
  `book_type` varchar(255) DEFAULT NULL,
  `url` varchar(255) DEFAULT NULL,
  `location` varchar(255) DEFAULT NULL,
  `total_copies` int(11) DEFAULT NULL,
  `issued_copies` int(11) DEFAULT NULL,
  `created_at` timestamp NULL DEFAULT NULL,
  `updated_at` timestamp NULL DEFAULT NULL
) ENGINE=InnoDB DEFAULT CHARSET=utf8mb4 COLLATE=utf8mb4_unicode_ci;

-- --------------------------------------------------------

--
-- Table structure for table `book_requests`
--

CREATE TABLE `book_requests` (
  `id` int(10) UNSIGNED NOT NULL,
  `book_id` int(10) UNSIGNED NOT NULL,
  `user_id` int(10) UNSIGNED NOT NULL,
  `start_date` varchar(255) NOT NULL,
  `end_date` varchar(255) NOT NULL,
  `returned` varchar(255) NOT NULL DEFAULT '0',
  `status` varchar(255) DEFAULT NULL,
  `created_at` timestamp NULL DEFAULT NULL,
  `updated_at` timestamp NULL DEFAULT NULL
) ENGINE=InnoDB DEFAULT CHARSET=utf8mb4 COLLATE=utf8mb4_unicode_ci;

-- --------------------------------------------------------

--
-- Table structure for table `class_types`
--

CREATE TABLE `class_types` (
  `id` int(10) UNSIGNED NOT NULL,
  `name` varchar(255) NOT NULL,
  `code` varchar(255) NOT NULL,
  `created_at` timestamp NULL DEFAULT NULL,
  `updated_at` timestamp NULL DEFAULT NULL
) ENGINE=InnoDB DEFAULT CHARSET=utf8mb4 COLLATE=utf8mb4_unicode_ci;

--
-- Dumping data for table `class_types`
--

INSERT INTO `class_types` (`id`, `name`, `code`, `created_at`, `updated_at`) VALUES
(7, 'Creche', 'C', NULL, NULL),
(8, 'Pre Nursery', 'PN', NULL, NULL),
(9, 'Nursery', 'N', NULL, NULL),
(10, 'Primary', 'P', NULL, NULL),
(11, 'Junior Secondary', 'J', NULL, NULL),
(12, 'Senior Secondary', 'S', NULL, NULL);

-- --------------------------------------------------------

--
-- Table structure for table `dorms`
--

CREATE TABLE `dorms` (
  `id` bigint(20) UNSIGNED NOT NULL,
  `name` varchar(100) NOT NULL,
  `description` varchar(255) DEFAULT NULL,
  `location` varchar(255) NOT NULL,
  `image` varchar(255) NOT NULL,
  `category` varchar(255) NOT NULL,
  `rating` decimal(3,1) DEFAULT NULL,
  `activities` text NOT NULL,
  `nearby_places` text DEFAULT NULL,
  `opening_hours` varchar(255) DEFAULT NULL,
  `entrance_fee` decimal(8,2) DEFAULT NULL,
  `website` varchar(255) DEFAULT NULL,
  `phone_number` varchar(255) DEFAULT NULL,
  `email` varchar(255) DEFAULT NULL,
  `facebook` varchar(255) DEFAULT NULL,
  `twitter` varchar(255) DEFAULT NULL,
  `instagram` varchar(255) DEFAULT NULL,
  `created_at` timestamp NULL DEFAULT NULL,
  `updated_at` timestamp NULL DEFAULT NULL
) ENGINE=InnoDB DEFAULT CHARSET=utf8mb4 COLLATE=utf8mb4_unicode_ci;

--
-- Dumping data for table `dorms`
--

INSERT INTO `dorms` (`id`, `name`, `description`, `location`, `image`, `category`, `rating`, `activities`, `nearby_places`, `opening_hours`, `entrance_fee`, `website`, `phone_number`, `email`, `facebook`, `twitter`, `instagram`, `created_at`, `updated_at`) VALUES
(1, 'Serengeti National Park', 'Famous for the great wildebeest migration', 'Ngorongoro, Tanzania', 'serengeti.jpg', 'National Park', 4.5, 'Safari, Wildlife Watching, Birding', 'Ngorongoro Crater, Olduvai Gorge', '6am - 6pm', 50.00, 'https://www.tanzaniaparks.go.tz/parks/serengeti-national-park', '+255 27 250 3471', NULL, 'https://www.facebook.com/serengetinationalpark/', NULL, '', NULL, NULL),
(2, 'Mount Kilimanjaro', 'Highest mountain in Africa and a popular hiking destination', 'Kilimanjaro, Tanzania', 'kilimanjaro.jpg', 'Mountain', 4.8, 'Hiking, Climbing', 'Moshi, Arusha National Park', '24 hours', 100.00, 'https://www.kilimanjaro-nationalpark.org/', '+255 27 254 3059', NULL, NULL, 'https://twitter.com/mountkilimanjaro', '', NULL, NULL),
(3, 'Zanzibar', 'An island known for its beaches, coral reefs, and historic Stone Town', 'Zanzibar, Tanzania', 'zanzibar.jpg', 'Beach', 4.3, 'Swimming, Snorkeling, Scuba Diving', 'Nungwi Beach, Paje Beach', '24 hours', 20.00, 'https://www.zanzibartourism.net/', '+255 24 223 1040', NULL, NULL, NULL, 'https://www.instagram.com/visitzanzibar/', NULL, NULL),
(4, 'Ngorongoro Conservation Area', 'A UNESCO World Heritage Site known for its crater', 'Ngorongoro, Tanzania', 'ngorongoro.jpg', 'Conservation Area', 4.6, 'Safari, Wildlife Watching, Birding', 'Serengeti National Park, Lake Manyara', '6am - 6pm', 70.00, 'https://www.ngorongorocrater.org/', '+255 27 254 3059', NULL, 'https://www.facebook.com/NgorongoroConservationAreaTanzania/', NULL, '', NULL, NULL),
(5, 'Lake Victoria', 'Largest lake in Africa and the second largest freshwater lake in the world', 'Mwanza, Tanzania', 'lake_victoria.jpg', 'Lake', 4.2, 'Fishing, Boating, Bird Watching', 'Saanane Island National Park, Rubondo Island National Park', '24 hours', 0.00, 'https://www.tanzaniatourism.go.tz/en/destination/lake-victoria', '+255 28 254 4846', NULL, NULL, NULL, 'https://www.instagram.com/lakevictoriatz/', NULL, NULL),
(6, 'Mafia Island', 'A popular destination for diving and snorkeling', 'Mafia Island, Tanzania', 'mafia.jpg', 'Island', 4.4, 'Swimming, Snorkeling, Scuba Diving', 'Chole Island, Juani Island', '24 hours', 30.00, 'https://www.mafiaisland.com/', '+255 689 116 687', NULL, NULL, 'https://twitter.com/mafiaislandtz', '', NULL, NULL),
(7, 'Selous Game Reserve', 'The largest game reserve in Africa and a UNESCO World Heritage Site, located in southern Tanzania', '-9.271667, 37.910833', 'https://www.tanzaniatourism.go.tz/uploads/gallery/selous-game-reserve-tanzania-8c5e49098e.jpg', 'Game Reserve', 4.2, 'Safari, Boat Tours, Walking Safaris', 'Mikumi National Park, Ruaha National Park', 'Varies by location', 50.00, 'https://www.selousgamereserve.net/', '+255 757 230 555', NULL, NULL, 'https://twitter.com/selousgamereser', '', NULL, NULL);

-- --------------------------------------------------------

--
-- Table structure for table `exams`
--

CREATE TABLE `exams` (
  `id` int(10) UNSIGNED NOT NULL,
  `name` varchar(255) NOT NULL,
  `term` tinyint(4) NOT NULL,
  `year` varchar(40) NOT NULL,
  `created_at` timestamp NULL DEFAULT NULL,
  `updated_at` timestamp NULL DEFAULT NULL
) ENGINE=InnoDB DEFAULT CHARSET=utf8mb4 COLLATE=utf8mb4_unicode_ci;

-- --------------------------------------------------------

--
-- Table structure for table `exam_records`
--

CREATE TABLE `exam_records` (
  `id` int(10) UNSIGNED NOT NULL,
  `exam_id` int(10) UNSIGNED NOT NULL,
  `student_id` int(10) UNSIGNED NOT NULL,
  `my_class_id` int(10) UNSIGNED NOT NULL,
  `section_id` int(10) UNSIGNED NOT NULL,
  `total` int(11) DEFAULT NULL,
  `ave` varchar(255) DEFAULT NULL,
  `class_ave` varchar(255) DEFAULT NULL,
  `pos` int(11) DEFAULT NULL,
  `af` varchar(255) DEFAULT NULL,
  `ps` varchar(255) DEFAULT NULL,
  `p_comment` varchar(255) DEFAULT NULL,
  `t_comment` varchar(255) DEFAULT NULL,
  `year` varchar(255) NOT NULL,
  `created_at` timestamp NULL DEFAULT NULL,
  `updated_at` timestamp NULL DEFAULT NULL
) ENGINE=InnoDB DEFAULT CHARSET=utf8mb4 COLLATE=utf8mb4_unicode_ci;

-- --------------------------------------------------------

--
-- Table structure for table `grades`
--

CREATE TABLE `grades` (
  `id` int(10) UNSIGNED NOT NULL,
  `name` varchar(40) NOT NULL,
  `class_type_id` int(10) UNSIGNED DEFAULT NULL,
  `mark_from` tinyint(4) NOT NULL,
  `mark_to` tinyint(4) NOT NULL,
  `remark` varchar(40) DEFAULT NULL,
  `created_at` timestamp NULL DEFAULT NULL,
  `updated_at` timestamp NULL DEFAULT NULL
) ENGINE=InnoDB DEFAULT CHARSET=utf8mb4 COLLATE=utf8mb4_unicode_ci;

--
-- Dumping data for table `grades`
--

INSERT INTO `grades` (`id`, `name`, `class_type_id`, `mark_from`, `mark_to`, `remark`, `created_at`, `updated_at`) VALUES
(19, 'A', NULL, 70, 100, 'Excellent', NULL, NULL),
(20, 'B', NULL, 60, 69, 'Very Good', NULL, NULL),
(21, 'C', NULL, 50, 59, 'Good', NULL, NULL),
(22, 'D', NULL, 45, 49, 'Pass', NULL, NULL),
(23, 'E', NULL, 40, 44, 'Poor', NULL, NULL),
(24, 'F', NULL, 0, 39, 'Fail', NULL, NULL);

-- --------------------------------------------------------

--
-- Table structure for table `lgas`
--

CREATE TABLE `lgas` (
  `id` int(10) UNSIGNED NOT NULL,
  `state_id` int(10) UNSIGNED NOT NULL,
  `name` varchar(255) NOT NULL,
  `created_at` timestamp NULL DEFAULT NULL,
  `updated_at` timestamp NULL DEFAULT NULL
) ENGINE=InnoDB DEFAULT CHARSET=utf8mb4 COLLATE=utf8mb4_unicode_ci;

--
-- Dumping data for table `lgas`
--

INSERT INTO `lgas` (`id`, `state_id`, `name`, `created_at`, `updated_at`) VALUES
(1, 1, 'Aba North', '2023-05-08 04:14:28', '2023-05-08 04:14:28'),
(2, 1, 'Aba South', '2023-05-08 04:14:28', '2023-05-08 04:14:28'),
(3, 1, 'Arochukwu', '2023-05-08 04:14:28', '2023-05-08 04:14:28'),
(4, 1, 'Bende', '2023-05-08 04:14:28', '2023-05-08 04:14:28'),
(5, 1, 'Ikwuano', '2023-05-08 04:14:28', '2023-05-08 04:14:28'),
(6, 1, 'Isiala Ngwa North', '2023-05-08 04:14:28', '2023-05-08 04:14:28'),
(7, 1, 'Isiala Ngwa South', '2023-05-08 04:14:28', '2023-05-08 04:14:28'),
(8, 1, 'Isuikwuato', '2023-05-08 04:14:28', '2023-05-08 04:14:28'),
(9, 1, 'Obi Ngwa', '2023-05-08 04:14:28', '2023-05-08 04:14:28'),
(10, 1, 'Ohafia', '2023-05-08 04:14:28', '2023-05-08 04:14:28'),
(11, 1, 'Osisioma', '2023-05-08 04:14:28', '2023-05-08 04:14:28'),
(12, 1, 'Ugwunagbo', '2023-05-08 04:14:28', '2023-05-08 04:14:28'),
(13, 1, 'Ukwa East', '2023-05-08 04:14:28', '2023-05-08 04:14:28'),
(14, 1, 'Ukwa West', '2023-05-08 04:14:28', '2023-05-08 04:14:28'),
(15, 1, 'Umuahia North', '2023-05-08 04:14:28', '2023-05-08 04:14:28'),
(16, 1, 'Umuahia South', '2023-05-08 04:14:28', '2023-05-08 04:14:28'),
(17, 1, 'Umu Nneochi', '2023-05-08 04:14:28', '2023-05-08 04:14:28'),
(18, 2, 'Demsa', '2023-05-08 04:14:28', '2023-05-08 04:14:28'),
(19, 2, 'Fufure', '2023-05-08 04:14:28', '2023-05-08 04:14:28'),
(20, 2, 'Ganye', '2023-05-08 04:14:28', '2023-05-08 04:14:28'),
(21, 2, 'Gayuk', '2023-05-08 04:14:28', '2023-05-08 04:14:28'),
(22, 2, 'Gombi', '2023-05-08 04:14:28', '2023-05-08 04:14:28'),
(23, 2, 'Grie', '2023-05-08 04:14:28', '2023-05-08 04:14:28'),
(24, 2, 'Hong', '2023-05-08 04:14:28', '2023-05-08 04:14:28'),
(25, 2, 'Jada', '2023-05-08 04:14:28', '2023-05-08 04:14:28'),
(26, 2, 'Larmurde', '2023-05-08 04:14:28', '2023-05-08 04:14:28'),
(27, 2, 'Madagali', '2023-05-08 04:14:28', '2023-05-08 04:14:28'),
(28, 2, 'Maiha', '2023-05-08 04:14:28', '2023-05-08 04:14:28'),
(29, 2, 'Mayo Belwa', '2023-05-08 04:14:28', '2023-05-08 04:14:28'),
(30, 2, 'Michika', '2023-05-08 04:14:28', '2023-05-08 04:14:28'),
(31, 2, 'Mubi North', '2023-05-08 04:14:28', '2023-05-08 04:14:28'),
(32, 2, 'Mubi South', '2023-05-08 04:14:28', '2023-05-08 04:14:28'),
(33, 2, 'Numan', '2023-05-08 04:14:28', '2023-05-08 04:14:28'),
(34, 2, 'Shelleng', '2023-05-08 04:14:28', '2023-05-08 04:14:28'),
(35, 2, 'Song', '2023-05-08 04:14:28', '2023-05-08 04:14:28'),
(36, 2, 'Toungo', '2023-05-08 04:14:28', '2023-05-08 04:14:28'),
(37, 2, 'Yola North', '2023-05-08 04:14:28', '2023-05-08 04:14:28'),
(38, 2, 'Yola South', '2023-05-08 04:14:28', '2023-05-08 04:14:28'),
(39, 3, 'Abak', '2023-05-08 04:14:28', '2023-05-08 04:14:28'),
(40, 3, 'Eastern Obolo', '2023-05-08 04:14:28', '2023-05-08 04:14:28'),
(41, 3, 'Eket', '2023-05-08 04:14:28', '2023-05-08 04:14:28'),
(42, 3, 'Esit Eket', '2023-05-08 04:14:28', '2023-05-08 04:14:28'),
(43, 3, 'Essien Udim', '2023-05-08 04:14:28', '2023-05-08 04:14:28'),
(44, 3, 'Etim Ekpo', '2023-05-08 04:14:28', '2023-05-08 04:14:28'),
(45, 3, 'Etinan', '2023-05-08 04:14:28', '2023-05-08 04:14:28'),
(46, 3, 'Ibeno', '2023-05-08 04:14:28', '2023-05-08 04:14:28'),
(47, 3, 'Ibesikpo Asutan', '2023-05-08 04:14:28', '2023-05-08 04:14:28'),
(48, 3, 'Ibiono-Ibom', '2023-05-08 04:14:28', '2023-05-08 04:14:28'),
(49, 3, 'Ika', '2023-05-08 04:14:28', '2023-05-08 04:14:28'),
(50, 3, 'Ikono', '2023-05-08 04:14:28', '2023-05-08 04:14:28'),
(51, 3, 'Ikot Abasi', '2023-05-08 04:14:28', '2023-05-08 04:14:28'),
(52, 3, 'Ikot Ekpene', '2023-05-08 04:14:28', '2023-05-08 04:14:28'),
(53, 3, 'Ini', '2023-05-08 04:14:28', '2023-05-08 04:14:28'),
(54, 3, 'Itu', '2023-05-08 04:14:28', '2023-05-08 04:14:28'),
(55, 3, 'Mbo', '2023-05-08 04:14:28', '2023-05-08 04:14:28'),
(56, 3, 'Mkpat-Enin', '2023-05-08 04:14:28', '2023-05-08 04:14:28'),
(57, 3, 'Nsit-Atai', '2023-05-08 04:14:28', '2023-05-08 04:14:28'),
(58, 3, 'Nsit-Ibom', '2023-05-08 04:14:28', '2023-05-08 04:14:28'),
(59, 3, 'Nsit-Ubium', '2023-05-08 04:14:28', '2023-05-08 04:14:28'),
(60, 3, 'Obot Akara', '2023-05-08 04:14:28', '2023-05-08 04:14:28'),
(61, 3, 'Okobo', '2023-05-08 04:14:28', '2023-05-08 04:14:28'),
(62, 3, 'Onna', '2023-05-08 04:14:28', '2023-05-08 04:14:28'),
(63, 3, 'Oron', '2023-05-08 04:14:28', '2023-05-08 04:14:28'),
(64, 3, 'Oruk Anam', '2023-05-08 04:14:28', '2023-05-08 04:14:28'),
(65, 3, 'Udung-Uko', '2023-05-08 04:14:28', '2023-05-08 04:14:28'),
(66, 3, 'Ukanafun', '2023-05-08 04:14:28', '2023-05-08 04:14:28'),
(67, 3, 'Uruan', '2023-05-08 04:14:28', '2023-05-08 04:14:28'),
(68, 3, 'Urue-Offong/Oruko', '2023-05-08 04:14:28', '2023-05-08 04:14:28'),
(69, 3, 'Uyo', '2023-05-08 04:14:28', '2023-05-08 04:14:28'),
(70, 4, 'Aguata', '2023-05-08 04:14:28', '2023-05-08 04:14:28'),
(71, 4, 'Anambra East', '2023-05-08 04:14:28', '2023-05-08 04:14:28'),
(72, 4, 'Anambra West', '2023-05-08 04:14:28', '2023-05-08 04:14:28'),
(73, 4, 'Anaocha', '2023-05-08 04:14:28', '2023-05-08 04:14:28'),
(74, 4, 'Awka North', '2023-05-08 04:14:28', '2023-05-08 04:14:28'),
(75, 4, 'Awka South', '2023-05-08 04:14:28', '2023-05-08 04:14:28'),
(76, 4, 'Ayamelum', '2023-05-08 04:14:28', '2023-05-08 04:14:28'),
(77, 4, 'Dunukofia', '2023-05-08 04:14:28', '2023-05-08 04:14:28'),
(78, 4, 'Ekwusigo', '2023-05-08 04:14:28', '2023-05-08 04:14:28'),
(79, 4, 'Idemili North', '2023-05-08 04:14:28', '2023-05-08 04:14:28'),
(80, 4, 'Idemili South', '2023-05-08 04:14:28', '2023-05-08 04:14:28'),
(81, 4, 'Ihiala', '2023-05-08 04:14:28', '2023-05-08 04:14:28'),
(82, 4, 'Njikoka', '2023-05-08 04:14:28', '2023-05-08 04:14:28'),
(83, 4, 'Nnewi North', '2023-05-08 04:14:28', '2023-05-08 04:14:28'),
(84, 4, 'Nnewi South', '2023-05-08 04:14:28', '2023-05-08 04:14:28'),
(85, 4, 'Ogbaru', '2023-05-08 04:14:28', '2023-05-08 04:14:28'),
(86, 4, 'Onitsha North', '2023-05-08 04:14:28', '2023-05-08 04:14:28'),
(87, 4, 'Onitsha South', '2023-05-08 04:14:28', '2023-05-08 04:14:28'),
(88, 4, 'Orumba North', '2023-05-08 04:14:28', '2023-05-08 04:14:28'),
(89, 4, 'Orumba South', '2023-05-08 04:14:28', '2023-05-08 04:14:28'),
(90, 4, 'Oyi', '2023-05-08 04:14:28', '2023-05-08 04:14:28'),
(91, 5, 'Alkaleri', '2023-05-08 04:14:28', '2023-05-08 04:14:28'),
(92, 5, 'Bauchi', '2023-05-08 04:14:28', '2023-05-08 04:14:28'),
(93, 5, 'Bogoro', '2023-05-08 04:14:28', '2023-05-08 04:14:28'),
(94, 5, 'Damban', '2023-05-08 04:14:28', '2023-05-08 04:14:28'),
(95, 5, 'Darazo', '2023-05-08 04:14:28', '2023-05-08 04:14:28'),
(96, 5, 'Dass', '2023-05-08 04:14:28', '2023-05-08 04:14:28'),
(97, 5, 'Gamawa', '2023-05-08 04:14:28', '2023-05-08 04:14:28'),
(98, 5, 'Ganjuwa', '2023-05-08 04:14:28', '2023-05-08 04:14:28'),
(99, 5, 'Giade', '2023-05-08 04:14:28', '2023-05-08 04:14:28'),
(100, 5, 'Itas/Gadau', '2023-05-08 04:14:28', '2023-05-08 04:14:28'),
(101, 5, 'Jama\'are', '2023-05-08 04:14:28', '2023-05-08 04:14:28'),
(102, 5, 'Katagum', '2023-05-08 04:14:28', '2023-05-08 04:14:28'),
(103, 5, 'Kirfi', '2023-05-08 04:14:28', '2023-05-08 04:14:28'),
(104, 5, 'Misau', '2023-05-08 04:14:28', '2023-05-08 04:14:28'),
(105, 5, 'Ningi', '2023-05-08 04:14:28', '2023-05-08 04:14:28'),
(106, 5, 'Shira', '2023-05-08 04:14:28', '2023-05-08 04:14:28'),
(107, 5, 'Tafawa Balewa', '2023-05-08 04:14:28', '2023-05-08 04:14:28'),
(108, 5, 'Toro', '2023-05-08 04:14:28', '2023-05-08 04:14:28'),
(109, 5, 'Warji', '2023-05-08 04:14:29', '2023-05-08 04:14:29'),
(110, 5, 'Zaki', '2023-05-08 04:14:29', '2023-05-08 04:14:29'),
(111, 6, 'Brass', '2023-05-08 04:14:29', '2023-05-08 04:14:29'),
(112, 6, 'Ekeremor', '2023-05-08 04:14:29', '2023-05-08 04:14:29'),
(113, 6, 'Kolokuma/Opokuma', '2023-05-08 04:14:29', '2023-05-08 04:14:29'),
(114, 6, 'Nembe', '2023-05-08 04:14:29', '2023-05-08 04:14:29'),
(115, 6, 'Ogbia', '2023-05-08 04:14:29', '2023-05-08 04:14:29'),
(116, 6, 'Sagbama', '2023-05-08 04:14:29', '2023-05-08 04:14:29'),
(117, 6, 'Southern Ijaw', '2023-05-08 04:14:29', '2023-05-08 04:14:29'),
(118, 6, 'Yenagoa', '2023-05-08 04:14:29', '2023-05-08 04:14:29'),
(119, 7, 'Agatu', '2023-05-08 04:14:29', '2023-05-08 04:14:29'),
(120, 7, 'Apa', '2023-05-08 04:14:29', '2023-05-08 04:14:29'),
(121, 7, 'Ado', '2023-05-08 04:14:29', '2023-05-08 04:14:29'),
(122, 7, 'Buruku', '2023-05-08 04:14:29', '2023-05-08 04:14:29'),
(123, 7, 'Gboko', '2023-05-08 04:14:29', '2023-05-08 04:14:29'),
(124, 7, 'Guma', '2023-05-08 04:14:29', '2023-05-08 04:14:29'),
(125, 7, 'Gwer East', '2023-05-08 04:14:29', '2023-05-08 04:14:29'),
(126, 7, 'Gwer West', '2023-05-08 04:14:29', '2023-05-08 04:14:29'),
(127, 7, 'Katsina-Ala', '2023-05-08 04:14:29', '2023-05-08 04:14:29'),
(128, 7, 'Konshisha', '2023-05-08 04:14:29', '2023-05-08 04:14:29'),
(129, 7, 'Kwande', '2023-05-08 04:14:29', '2023-05-08 04:14:29'),
(130, 7, 'Logo', '2023-05-08 04:14:29', '2023-05-08 04:14:29'),
(131, 7, 'Makurdi', '2023-05-08 04:14:29', '2023-05-08 04:14:29'),
(132, 7, 'Obi', '2023-05-08 04:14:29', '2023-05-08 04:14:29'),
(133, 7, 'Ogbadibo', '2023-05-08 04:14:29', '2023-05-08 04:14:29'),
(134, 7, 'Ohimini', '2023-05-08 04:14:29', '2023-05-08 04:14:29'),
(135, 7, 'Oju', '2023-05-08 04:14:29', '2023-05-08 04:14:29'),
(136, 7, 'Okpokwu', '2023-05-08 04:14:29', '2023-05-08 04:14:29'),
(137, 7, 'Oturkpo', '2023-05-08 04:14:29', '2023-05-08 04:14:29'),
(138, 7, 'Tarka', '2023-05-08 04:14:29', '2023-05-08 04:14:29'),
(139, 7, 'Ukum', '2023-05-08 04:14:29', '2023-05-08 04:14:29'),
(140, 7, 'Ushongo', '2023-05-08 04:14:29', '2023-05-08 04:14:29'),
(141, 7, 'Vandeikya', '2023-05-08 04:14:29', '2023-05-08 04:14:29'),
(142, 8, 'Abadam', '2023-05-08 04:14:29', '2023-05-08 04:14:29'),
(143, 8, 'Askira/Uba', '2023-05-08 04:14:29', '2023-05-08 04:14:29'),
(144, 8, 'Bama', '2023-05-08 04:14:29', '2023-05-08 04:14:29'),
(145, 8, 'Bayo', '2023-05-08 04:14:29', '2023-05-08 04:14:29'),
(146, 8, 'Biu', '2023-05-08 04:14:29', '2023-05-08 04:14:29'),
(147, 8, 'Chibok', '2023-05-08 04:14:29', '2023-05-08 04:14:29'),
(148, 8, 'Damboa', '2023-05-08 04:14:29', '2023-05-08 04:14:29'),
(149, 8, 'Dikwa', '2023-05-08 04:14:29', '2023-05-08 04:14:29'),
(150, 8, 'Gubio', '2023-05-08 04:14:29', '2023-05-08 04:14:29'),
(151, 8, 'Guzamala', '2023-05-08 04:14:29', '2023-05-08 04:14:29'),
(152, 8, 'Gwoza', '2023-05-08 04:14:29', '2023-05-08 04:14:29'),
(153, 8, 'Hawul', '2023-05-08 04:14:29', '2023-05-08 04:14:29'),
(154, 8, 'Jere', '2023-05-08 04:14:29', '2023-05-08 04:14:29'),
(155, 8, 'Kaga', '2023-05-08 04:14:29', '2023-05-08 04:14:29'),
(156, 8, 'Kala/Balge', '2023-05-08 04:14:29', '2023-05-08 04:14:29'),
(157, 8, 'Konduga', '2023-05-08 04:14:29', '2023-05-08 04:14:29'),
(158, 8, 'Kukawa', '2023-05-08 04:14:29', '2023-05-08 04:14:29'),
(159, 8, 'Kwaya Kusar', '2023-05-08 04:14:29', '2023-05-08 04:14:29'),
(160, 8, 'Mafa', '2023-05-08 04:14:29', '2023-05-08 04:14:29'),
(161, 8, 'Magumeri', '2023-05-08 04:14:29', '2023-05-08 04:14:29'),
(162, 8, 'Maiduguri', '2023-05-08 04:14:29', '2023-05-08 04:14:29'),
(163, 8, 'Marte', '2023-05-08 04:14:29', '2023-05-08 04:14:29'),
(164, 8, 'Mobbar', '2023-05-08 04:14:29', '2023-05-08 04:14:29'),
(165, 8, 'Monguno', '2023-05-08 04:14:29', '2023-05-08 04:14:29'),
(166, 8, 'Ngala', '2023-05-08 04:14:29', '2023-05-08 04:14:29'),
(167, 8, 'Nganzai', '2023-05-08 04:14:29', '2023-05-08 04:14:29'),
(168, 8, 'Shani', '2023-05-08 04:14:29', '2023-05-08 04:14:29'),
(169, 9, 'Abi', '2023-05-08 04:14:29', '2023-05-08 04:14:29'),
(170, 9, 'Akamkpa', '2023-05-08 04:14:29', '2023-05-08 04:14:29'),
(171, 9, 'Akpabuyo', '2023-05-08 04:14:29', '2023-05-08 04:14:29'),
(172, 9, 'Bakassi', '2023-05-08 04:14:29', '2023-05-08 04:14:29'),
(173, 9, 'Bekwarra', '2023-05-08 04:14:29', '2023-05-08 04:14:29'),
(174, 9, 'Biase', '2023-05-08 04:14:29', '2023-05-08 04:14:29'),
(175, 9, 'Boki', '2023-05-08 04:14:29', '2023-05-08 04:14:29'),
(176, 9, 'Calabar Municipal', '2023-05-08 04:14:29', '2023-05-08 04:14:29'),
(177, 9, 'Calabar South', '2023-05-08 04:14:29', '2023-05-08 04:14:29'),
(178, 9, 'Etung', '2023-05-08 04:14:29', '2023-05-08 04:14:29'),
(179, 9, 'Ikom', '2023-05-08 04:14:29', '2023-05-08 04:14:29'),
(180, 9, 'Obanliku', '2023-05-08 04:14:29', '2023-05-08 04:14:29'),
(181, 9, 'Obubra', '2023-05-08 04:14:29', '2023-05-08 04:14:29'),
(182, 9, 'Obudu', '2023-05-08 04:14:29', '2023-05-08 04:14:29'),
(183, 9, 'Odukpani', '2023-05-08 04:14:29', '2023-05-08 04:14:29'),
(184, 9, 'Ogoja', '2023-05-08 04:14:29', '2023-05-08 04:14:29'),
(185, 9, 'Yakuur', '2023-05-08 04:14:29', '2023-05-08 04:14:29'),
(186, 9, 'Yala', '2023-05-08 04:14:29', '2023-05-08 04:14:29'),
(187, 10, 'Aniocha North', '2023-05-08 04:14:29', '2023-05-08 04:14:29'),
(188, 10, 'Aniocha South', '2023-05-08 04:14:29', '2023-05-08 04:14:29'),
(189, 10, 'Bomadi', '2023-05-08 04:14:29', '2023-05-08 04:14:29'),
(190, 10, 'Burutu', '2023-05-08 04:14:29', '2023-05-08 04:14:29'),
(191, 10, 'Ethiope East', '2023-05-08 04:14:29', '2023-05-08 04:14:29'),
(192, 10, 'Ethiope West', '2023-05-08 04:14:29', '2023-05-08 04:14:29'),
(193, 10, 'Ika North East', '2023-05-08 04:14:29', '2023-05-08 04:14:29'),
(194, 10, 'Ika South', '2023-05-08 04:14:29', '2023-05-08 04:14:29'),
(195, 10, 'Isoko North', '2023-05-08 04:14:29', '2023-05-08 04:14:29'),
(196, 10, 'Isoko South', '2023-05-08 04:14:29', '2023-05-08 04:14:29'),
(197, 10, 'Ndokwa East', '2023-05-08 04:14:29', '2023-05-08 04:14:29'),
(198, 10, 'Ndokwa West', '2023-05-08 04:14:29', '2023-05-08 04:14:29'),
(199, 10, 'Okpe', '2023-05-08 04:14:29', '2023-05-08 04:14:29'),
(200, 10, 'Oshimili North', '2023-05-08 04:14:29', '2023-05-08 04:14:29'),
(201, 10, 'Oshimili South', '2023-05-08 04:14:29', '2023-05-08 04:14:29'),
(202, 10, 'Patani', '2023-05-08 04:14:29', '2023-05-08 04:14:29'),
(203, 10, 'Sapele, Delta', '2023-05-08 04:14:29', '2023-05-08 04:14:29'),
(204, 10, 'Udu', '2023-05-08 04:14:29', '2023-05-08 04:14:29'),
(205, 10, 'Ughelli North', '2023-05-08 04:14:29', '2023-05-08 04:14:29'),
(206, 10, 'Ughelli South', '2023-05-08 04:14:29', '2023-05-08 04:14:29'),
(207, 10, 'Ukwuani', '2023-05-08 04:14:29', '2023-05-08 04:14:29'),
(208, 10, 'Uvwie', '2023-05-08 04:14:29', '2023-05-08 04:14:29'),
(209, 10, 'Warri North', '2023-05-08 04:14:29', '2023-05-08 04:14:29'),
(210, 10, 'Warri South', '2023-05-08 04:14:29', '2023-05-08 04:14:29'),
(211, 10, 'Warri South West', '2023-05-08 04:14:29', '2023-05-08 04:14:29'),
(212, 11, 'Abakaliki', '2023-05-08 04:14:29', '2023-05-08 04:14:29'),
(213, 11, 'Afikpo North', '2023-05-08 04:14:29', '2023-05-08 04:14:29'),
(214, 11, 'Afikpo South', '2023-05-08 04:14:29', '2023-05-08 04:14:29'),
(215, 11, 'Ebonyi', '2023-05-08 04:14:29', '2023-05-08 04:14:29'),
(216, 11, 'Ezza North', '2023-05-08 04:14:29', '2023-05-08 04:14:29'),
(217, 11, 'Ezza South', '2023-05-08 04:14:29', '2023-05-08 04:14:29'),
(218, 11, 'Ikwo', '2023-05-08 04:14:29', '2023-05-08 04:14:29'),
(219, 11, 'Ishielu', '2023-05-08 04:14:29', '2023-05-08 04:14:29'),
(220, 11, 'Ivo', '2023-05-08 04:14:29', '2023-05-08 04:14:29'),
(221, 11, 'Izzi', '2023-05-08 04:14:29', '2023-05-08 04:14:29'),
(222, 11, 'Ohaozara', '2023-05-08 04:14:29', '2023-05-08 04:14:29'),
(223, 11, 'Ohaukwu', '2023-05-08 04:14:29', '2023-05-08 04:14:29'),
(224, 11, 'Onicha', '2023-05-08 04:14:29', '2023-05-08 04:14:29'),
(225, 12, 'Akoko-Edo', '2023-05-08 04:14:29', '2023-05-08 04:14:29'),
(226, 12, 'Egor', '2023-05-08 04:14:29', '2023-05-08 04:14:29'),
(227, 12, 'Esan Central', '2023-05-08 04:14:29', '2023-05-08 04:14:29'),
(228, 12, 'Esan North-East', '2023-05-08 04:14:29', '2023-05-08 04:14:29'),
(229, 12, 'Esan South-East', '2023-05-08 04:14:29', '2023-05-08 04:14:29'),
(230, 12, 'Esan West', '2023-05-08 04:14:29', '2023-05-08 04:14:29'),
(231, 12, 'Etsako Central', '2023-05-08 04:14:29', '2023-05-08 04:14:29'),
(232, 12, 'Etsako East', '2023-05-08 04:14:29', '2023-05-08 04:14:29'),
(233, 12, 'Etsako West', '2023-05-08 04:14:29', '2023-05-08 04:14:29'),
(234, 12, 'Igueben', '2023-05-08 04:14:29', '2023-05-08 04:14:29'),
(235, 12, 'Ikpoba Okha', '2023-05-08 04:14:29', '2023-05-08 04:14:29'),
(236, 12, 'Orhionmwon', '2023-05-08 04:14:29', '2023-05-08 04:14:29'),
(237, 12, 'Oredo', '2023-05-08 04:14:29', '2023-05-08 04:14:29'),
(238, 12, 'Ovia North-East', '2023-05-08 04:14:29', '2023-05-08 04:14:29'),
(239, 12, 'Ovia South-West', '2023-05-08 04:14:29', '2023-05-08 04:14:29'),
(240, 12, 'Owan East', '2023-05-08 04:14:29', '2023-05-08 04:14:29'),
(241, 12, 'Owan West', '2023-05-08 04:14:29', '2023-05-08 04:14:29'),
(242, 12, 'Uhunmwonde', '2023-05-08 04:14:29', '2023-05-08 04:14:29'),
(243, 13, 'Ado Ekiti', '2023-05-08 04:14:29', '2023-05-08 04:14:29'),
(244, 13, 'Efon', '2023-05-08 04:14:29', '2023-05-08 04:14:29'),
(245, 13, 'Ekiti East', '2023-05-08 04:14:29', '2023-05-08 04:14:29'),
(246, 13, 'Ekiti South-West', '2023-05-08 04:14:29', '2023-05-08 04:14:29'),
(247, 13, 'Ekiti West', '2023-05-08 04:14:29', '2023-05-08 04:14:29'),
(248, 13, 'Emure', '2023-05-08 04:14:29', '2023-05-08 04:14:29'),
(249, 13, 'Gbonyin', '2023-05-08 04:14:29', '2023-05-08 04:14:29'),
(250, 13, 'Ido Osi', '2023-05-08 04:14:29', '2023-05-08 04:14:29'),
(251, 13, 'Ijero', '2023-05-08 04:14:29', '2023-05-08 04:14:29'),
(252, 13, 'Ikere', '2023-05-08 04:14:29', '2023-05-08 04:14:29'),
(253, 13, 'Ikole', '2023-05-08 04:14:29', '2023-05-08 04:14:29'),
(254, 13, 'Ilejemeje', '2023-05-08 04:14:29', '2023-05-08 04:14:29'),
(255, 13, 'Irepodun/Ifelodun', '2023-05-08 04:14:29', '2023-05-08 04:14:29'),
(256, 13, 'Ise/Orun', '2023-05-08 04:14:29', '2023-05-08 04:14:29'),
(257, 13, 'Moba', '2023-05-08 04:14:29', '2023-05-08 04:14:29'),
(258, 13, 'Oye', '2023-05-08 04:14:29', '2023-05-08 04:14:29'),
(259, 14, 'Aninri', '2023-05-08 04:14:29', '2023-05-08 04:14:29'),
(260, 14, 'Awgu', '2023-05-08 04:14:29', '2023-05-08 04:14:29'),
(261, 14, 'Enugu East', '2023-05-08 04:14:29', '2023-05-08 04:14:29'),
(262, 14, 'Enugu North', '2023-05-08 04:14:29', '2023-05-08 04:14:29'),
(263, 14, 'Enugu South', '2023-05-08 04:14:29', '2023-05-08 04:14:29'),
(264, 14, 'Ezeagu', '2023-05-08 04:14:29', '2023-05-08 04:14:29'),
(265, 14, 'Igbo Etiti', '2023-05-08 04:14:29', '2023-05-08 04:14:29'),
(266, 14, 'Igbo Eze North', '2023-05-08 04:14:29', '2023-05-08 04:14:29'),
(267, 14, 'Igbo Eze South', '2023-05-08 04:14:29', '2023-05-08 04:14:29'),
(268, 14, 'Isi Uzo', '2023-05-08 04:14:29', '2023-05-08 04:14:29'),
(269, 14, 'Nkanu East', '2023-05-08 04:14:29', '2023-05-08 04:14:29'),
(270, 14, 'Nkanu West', '2023-05-08 04:14:29', '2023-05-08 04:14:29'),
(271, 14, 'Nsukka', '2023-05-08 04:14:29', '2023-05-08 04:14:29'),
(272, 14, 'Oji River', '2023-05-08 04:14:29', '2023-05-08 04:14:29'),
(273, 14, 'Udenu', '2023-05-08 04:14:29', '2023-05-08 04:14:29'),
(274, 14, 'Udi', '2023-05-08 04:14:29', '2023-05-08 04:14:29'),
(275, 14, 'Uzo Uwani', '2023-05-08 04:14:29', '2023-05-08 04:14:29'),
(276, 15, 'Abaji', '2023-05-08 04:14:29', '2023-05-08 04:14:29'),
(277, 15, 'Bwari', '2023-05-08 04:14:29', '2023-05-08 04:14:29'),
(278, 15, 'Gwagwalada', '2023-05-08 04:14:29', '2023-05-08 04:14:29'),
(279, 15, 'Kuje', '2023-05-08 04:14:30', '2023-05-08 04:14:30'),
(280, 15, 'Kwali', '2023-05-08 04:14:30', '2023-05-08 04:14:30'),
(281, 15, 'Municipal Area Council', '2023-05-08 04:14:30', '2023-05-08 04:14:30'),
(282, 16, 'Akko', '2023-05-08 04:14:30', '2023-05-08 04:14:30'),
(283, 16, 'Balanga', '2023-05-08 04:14:30', '2023-05-08 04:14:30'),
(284, 16, 'Billiri', '2023-05-08 04:14:30', '2023-05-08 04:14:30'),
(285, 16, 'Dukku', '2023-05-08 04:14:30', '2023-05-08 04:14:30'),
(286, 16, 'Funakaye', '2023-05-08 04:14:30', '2023-05-08 04:14:30'),
(287, 16, 'Gombe', '2023-05-08 04:14:30', '2023-05-08 04:14:30'),
(288, 16, 'Kaltungo', '2023-05-08 04:14:30', '2023-05-08 04:14:30'),
(289, 16, 'Kwami', '2023-05-08 04:14:30', '2023-05-08 04:14:30'),
(290, 16, 'Nafada', '2023-05-08 04:14:30', '2023-05-08 04:14:30'),
(291, 16, 'Shongom', '2023-05-08 04:14:30', '2023-05-08 04:14:30'),
(292, 16, 'Yamaltu/Deba', '2023-05-08 04:14:30', '2023-05-08 04:14:30'),
(293, 17, 'Aboh Mbaise', '2023-05-08 04:14:30', '2023-05-08 04:14:30'),
(294, 17, 'Ahiazu Mbaise', '2023-05-08 04:14:30', '2023-05-08 04:14:30'),
(295, 17, 'Ehime Mbano', '2023-05-08 04:14:30', '2023-05-08 04:14:30'),
(296, 17, 'Ezinihitte', '2023-05-08 04:14:30', '2023-05-08 04:14:30'),
(297, 17, 'Ideato North', '2023-05-08 04:14:30', '2023-05-08 04:14:30'),
(298, 17, 'Ideato South', '2023-05-08 04:14:30', '2023-05-08 04:14:30'),
(299, 17, 'Ihitte/Uboma', '2023-05-08 04:14:30', '2023-05-08 04:14:30'),
(300, 17, 'Ikeduru', '2023-05-08 04:14:30', '2023-05-08 04:14:30'),
(301, 17, 'Isiala Mbano', '2023-05-08 04:14:30', '2023-05-08 04:14:30'),
(302, 17, 'Isu', '2023-05-08 04:14:30', '2023-05-08 04:14:30'),
(303, 17, 'Mbaitoli', '2023-05-08 04:14:30', '2023-05-08 04:14:30'),
(304, 17, 'Ngor Okpala', '2023-05-08 04:14:30', '2023-05-08 04:14:30'),
(305, 17, 'Njaba', '2023-05-08 04:14:30', '2023-05-08 04:14:30'),
(306, 17, 'Nkwerre', '2023-05-08 04:14:30', '2023-05-08 04:14:30'),
(307, 17, 'Nwangele', '2023-05-08 04:14:30', '2023-05-08 04:14:30'),
(308, 17, 'Obowo', '2023-05-08 04:14:30', '2023-05-08 04:14:30'),
(309, 17, 'Oguta', '2023-05-08 04:14:30', '2023-05-08 04:14:30'),
(310, 17, 'Ohaji/Egbema', '2023-05-08 04:14:30', '2023-05-08 04:14:30'),
(311, 17, 'Okigwe', '2023-05-08 04:14:30', '2023-05-08 04:14:30'),
(312, 17, 'Orlu', '2023-05-08 04:14:30', '2023-05-08 04:14:30'),
(313, 17, 'Orsu', '2023-05-08 04:14:30', '2023-05-08 04:14:30'),
(314, 17, 'Oru East', '2023-05-08 04:14:30', '2023-05-08 04:14:30'),
(315, 17, 'Oru West', '2023-05-08 04:14:30', '2023-05-08 04:14:30'),
(316, 17, 'Owerri Municipal', '2023-05-08 04:14:30', '2023-05-08 04:14:30'),
(317, 17, 'Owerri North', '2023-05-08 04:14:30', '2023-05-08 04:14:30'),
(318, 17, 'Owerri West', '2023-05-08 04:14:30', '2023-05-08 04:14:30'),
(319, 17, 'Unuimo', '2023-05-08 04:14:30', '2023-05-08 04:14:30'),
(320, 18, 'Auyo', '2023-05-08 04:14:30', '2023-05-08 04:14:30'),
(321, 18, 'Babura', '2023-05-08 04:14:30', '2023-05-08 04:14:30'),
(322, 18, 'Biriniwa', '2023-05-08 04:14:30', '2023-05-08 04:14:30'),
(323, 18, 'Birnin Kudu', '2023-05-08 04:14:30', '2023-05-08 04:14:30'),
(324, 18, 'Buji', '2023-05-08 04:14:30', '2023-05-08 04:14:30'),
(325, 18, 'Dutse', '2023-05-08 04:14:30', '2023-05-08 04:14:30'),
(326, 18, 'Gagarawa', '2023-05-08 04:14:30', '2023-05-08 04:14:30'),
(327, 18, 'Garki', '2023-05-08 04:14:30', '2023-05-08 04:14:30'),
(328, 18, 'Gumel', '2023-05-08 04:14:30', '2023-05-08 04:14:30'),
(329, 18, 'Guri', '2023-05-08 04:14:30', '2023-05-08 04:14:30'),
(330, 18, 'Gwaram', '2023-05-08 04:14:30', '2023-05-08 04:14:30'),
(331, 18, 'Gwiwa', '2023-05-08 04:14:30', '2023-05-08 04:14:30'),
(332, 18, 'Hadejia', '2023-05-08 04:14:30', '2023-05-08 04:14:30'),
(333, 18, 'Jahun', '2023-05-08 04:14:30', '2023-05-08 04:14:30'),
(334, 18, 'Kafin Hausa', '2023-05-08 04:14:30', '2023-05-08 04:14:30'),
(335, 18, 'Kazaure', '2023-05-08 04:14:30', '2023-05-08 04:14:30'),
(336, 18, 'Kiri Kasama', '2023-05-08 04:14:30', '2023-05-08 04:14:30'),
(337, 18, 'Kiyawa', '2023-05-08 04:14:30', '2023-05-08 04:14:30'),
(338, 18, 'Kaugama', '2023-05-08 04:14:30', '2023-05-08 04:14:30'),
(339, 18, 'Maigatari', '2023-05-08 04:14:30', '2023-05-08 04:14:30'),
(340, 18, 'Malam Madori', '2023-05-08 04:14:30', '2023-05-08 04:14:30'),
(341, 18, 'Miga', '2023-05-08 04:14:30', '2023-05-08 04:14:30'),
(342, 18, 'Ringim', '2023-05-08 04:14:30', '2023-05-08 04:14:30'),
(343, 18, 'Roni', '2023-05-08 04:14:30', '2023-05-08 04:14:30'),
(344, 18, 'Sule Tankarkar', '2023-05-08 04:14:30', '2023-05-08 04:14:30'),
(345, 18, 'Taura', '2023-05-08 04:14:30', '2023-05-08 04:14:30'),
(346, 18, 'Yankwashi', '2023-05-08 04:14:30', '2023-05-08 04:14:30'),
(347, 19, 'Birnin Gwari', '2023-05-08 04:14:30', '2023-05-08 04:14:30'),
(348, 19, 'Chikun', '2023-05-08 04:14:30', '2023-05-08 04:14:30'),
(349, 19, 'Giwa', '2023-05-08 04:14:30', '2023-05-08 04:14:30'),
(350, 19, 'Igabi', '2023-05-08 04:14:30', '2023-05-08 04:14:30'),
(351, 19, 'Ikara', '2023-05-08 04:14:30', '2023-05-08 04:14:30'),
(352, 19, 'Jaba', '2023-05-08 04:14:30', '2023-05-08 04:14:30'),
(353, 19, 'Jema\'a', '2023-05-08 04:14:30', '2023-05-08 04:14:30'),
(354, 19, 'Kachia', '2023-05-08 04:14:30', '2023-05-08 04:14:30'),
(355, 19, 'Kaduna North', '2023-05-08 04:14:30', '2023-05-08 04:14:30'),
(356, 19, 'Kaduna South', '2023-05-08 04:14:30', '2023-05-08 04:14:30'),
(357, 19, 'Kagarko', '2023-05-08 04:14:30', '2023-05-08 04:14:30'),
(358, 19, 'Kajuru', '2023-05-08 04:14:30', '2023-05-08 04:14:30'),
(359, 19, 'Kaura', '2023-05-08 04:14:30', '2023-05-08 04:14:30'),
(360, 19, 'Kauru', '2023-05-08 04:14:30', '2023-05-08 04:14:30'),
(361, 19, 'Kubau', '2023-05-08 04:14:30', '2023-05-08 04:14:30'),
(362, 19, 'Kudan', '2023-05-08 04:14:30', '2023-05-08 04:14:30'),
(363, 19, 'Lere', '2023-05-08 04:14:30', '2023-05-08 04:14:30'),
(364, 19, 'Makarfi', '2023-05-08 04:14:30', '2023-05-08 04:14:30'),
(365, 19, 'Sabon Gari', '2023-05-08 04:14:30', '2023-05-08 04:14:30'),
(366, 19, 'Sanga', '2023-05-08 04:14:30', '2023-05-08 04:14:30'),
(367, 19, 'Soba', '2023-05-08 04:14:30', '2023-05-08 04:14:30'),
(368, 19, 'Zangon Kataf', '2023-05-08 04:14:30', '2023-05-08 04:14:30'),
(369, 19, 'Zaria', '2023-05-08 04:14:30', '2023-05-08 04:14:30'),
(370, 20, 'Ajingi', '2023-05-08 04:14:30', '2023-05-08 04:14:30'),
(371, 20, 'Albasu', '2023-05-08 04:14:30', '2023-05-08 04:14:30'),
(372, 20, 'Bagwai', '2023-05-08 04:14:30', '2023-05-08 04:14:30'),
(373, 20, 'Bebeji', '2023-05-08 04:14:30', '2023-05-08 04:14:30'),
(374, 20, 'Bichi', '2023-05-08 04:14:30', '2023-05-08 04:14:30'),
(375, 20, 'Bunkure', '2023-05-08 04:14:30', '2023-05-08 04:14:30'),
(376, 20, 'Dala', '2023-05-08 04:14:30', '2023-05-08 04:14:30'),
(377, 20, 'Dambatta', '2023-05-08 04:14:30', '2023-05-08 04:14:30'),
(378, 20, 'Dawakin Kudu', '2023-05-08 04:14:30', '2023-05-08 04:14:30'),
(379, 20, 'Dawakin Tofa', '2023-05-08 04:14:30', '2023-05-08 04:14:30'),
(380, 20, 'Doguwa', '2023-05-08 04:14:30', '2023-05-08 04:14:30'),
(381, 20, 'Fagge', '2023-05-08 04:14:30', '2023-05-08 04:14:30'),
(382, 20, 'Gabasawa', '2023-05-08 04:14:30', '2023-05-08 04:14:30'),
(383, 20, 'Garko', '2023-05-08 04:14:30', '2023-05-08 04:14:30'),
(384, 20, 'Garun Mallam', '2023-05-08 04:14:30', '2023-05-08 04:14:30'),
(385, 20, 'Gaya', '2023-05-08 04:14:30', '2023-05-08 04:14:30'),
(386, 20, 'Gezawa', '2023-05-08 04:14:30', '2023-05-08 04:14:30'),
(387, 20, 'Gwale', '2023-05-08 04:14:30', '2023-05-08 04:14:30'),
(388, 20, 'Gwarzo', '2023-05-08 04:14:30', '2023-05-08 04:14:30'),
(389, 20, 'Kabo', '2023-05-08 04:14:30', '2023-05-08 04:14:30'),
(390, 20, 'Kano Municipal', '2023-05-08 04:14:30', '2023-05-08 04:14:30'),
(391, 20, 'Karaye', '2023-05-08 04:14:30', '2023-05-08 04:14:30'),
(392, 20, 'Kibiya', '2023-05-08 04:14:30', '2023-05-08 04:14:30'),
(393, 20, 'Kiru', '2023-05-08 04:14:30', '2023-05-08 04:14:30'),
(394, 20, 'Kumbotso', '2023-05-08 04:14:30', '2023-05-08 04:14:30'),
(395, 20, 'Kunchi', '2023-05-08 04:14:30', '2023-05-08 04:14:30'),
(396, 20, 'Kura', '2023-05-08 04:14:30', '2023-05-08 04:14:30'),
(397, 20, 'Madobi', '2023-05-08 04:14:30', '2023-05-08 04:14:30'),
(398, 20, 'Makoda', '2023-05-08 04:14:30', '2023-05-08 04:14:30'),
(399, 20, 'Minjibir', '2023-05-08 04:14:30', '2023-05-08 04:14:30'),
(400, 20, 'Nasarawa', '2023-05-08 04:14:30', '2023-05-08 04:14:30'),
(401, 20, 'Rano', '2023-05-08 04:14:30', '2023-05-08 04:14:30'),
(402, 20, 'Rimin Gado', '2023-05-08 04:14:30', '2023-05-08 04:14:30'),
(403, 20, 'Rogo', '2023-05-08 04:14:30', '2023-05-08 04:14:30'),
(404, 20, 'Shanono', '2023-05-08 04:14:30', '2023-05-08 04:14:30'),
(405, 20, 'Sumaila', '2023-05-08 04:14:30', '2023-05-08 04:14:30'),
(406, 20, 'Takai', '2023-05-08 04:14:30', '2023-05-08 04:14:30'),
(407, 20, 'Tarauni', '2023-05-08 04:14:30', '2023-05-08 04:14:30'),
(408, 20, 'Tofa', '2023-05-08 04:14:30', '2023-05-08 04:14:30'),
(409, 20, 'Tsanyawa', '2023-05-08 04:14:30', '2023-05-08 04:14:30'),
(410, 20, 'Tudun Wada', '2023-05-08 04:14:30', '2023-05-08 04:14:30'),
(411, 20, 'Ungogo', '2023-05-08 04:14:30', '2023-05-08 04:14:30'),
(412, 20, 'Warawa', '2023-05-08 04:14:30', '2023-05-08 04:14:30'),
(413, 20, 'Wudil', '2023-05-08 04:14:30', '2023-05-08 04:14:30'),
(414, 21, 'Bakori', '2023-05-08 04:14:30', '2023-05-08 04:14:30'),
(415, 21, 'Batagarawa', '2023-05-08 04:14:30', '2023-05-08 04:14:30'),
(416, 21, 'Batsari', '2023-05-08 04:14:30', '2023-05-08 04:14:30'),
(417, 21, 'Baure', '2023-05-08 04:14:30', '2023-05-08 04:14:30'),
(418, 21, 'Bindawa', '2023-05-08 04:14:30', '2023-05-08 04:14:30'),
(419, 21, 'Charanchi', '2023-05-08 04:14:30', '2023-05-08 04:14:30'),
(420, 21, 'Dandume', '2023-05-08 04:14:30', '2023-05-08 04:14:30'),
(421, 21, 'Danja', '2023-05-08 04:14:30', '2023-05-08 04:14:30'),
(422, 21, 'Dan Musa', '2023-05-08 04:14:30', '2023-05-08 04:14:30'),
(423, 21, 'Daura', '2023-05-08 04:14:30', '2023-05-08 04:14:30'),
(424, 21, 'Dutsi', '2023-05-08 04:14:30', '2023-05-08 04:14:30'),
(425, 21, 'Dutsin Ma', '2023-05-08 04:14:30', '2023-05-08 04:14:30'),
(426, 21, 'Faskari', '2023-05-08 04:14:30', '2023-05-08 04:14:30'),
(427, 21, 'Funtua', '2023-05-08 04:14:30', '2023-05-08 04:14:30'),
(428, 21, 'Ingawa', '2023-05-08 04:14:30', '2023-05-08 04:14:30'),
(429, 21, 'Jibia', '2023-05-08 04:14:30', '2023-05-08 04:14:30'),
(430, 21, 'Kafur', '2023-05-08 04:14:30', '2023-05-08 04:14:30'),
(431, 21, 'Kaita', '2023-05-08 04:14:30', '2023-05-08 04:14:30'),
(432, 21, 'Kankara', '2023-05-08 04:14:30', '2023-05-08 04:14:30'),
(433, 21, 'Kankia', '2023-05-08 04:14:30', '2023-05-08 04:14:30'),
(434, 21, 'Katsina', '2023-05-08 04:14:30', '2023-05-08 04:14:30'),
(435, 21, 'Kurfi', '2023-05-08 04:14:30', '2023-05-08 04:14:30'),
(436, 21, 'Kusada', '2023-05-08 04:14:30', '2023-05-08 04:14:30'),
(437, 21, 'Mai\'Adua', '2023-05-08 04:14:30', '2023-05-08 04:14:30'),
(438, 21, 'Malumfashi', '2023-05-08 04:14:30', '2023-05-08 04:14:30'),
(439, 21, 'Mani', '2023-05-08 04:14:30', '2023-05-08 04:14:30'),
(440, 21, 'Mashi', '2023-05-08 04:14:30', '2023-05-08 04:14:30'),
(441, 21, 'Matazu', '2023-05-08 04:14:30', '2023-05-08 04:14:30'),
(442, 21, 'Musawa', '2023-05-08 04:14:31', '2023-05-08 04:14:31'),
(443, 21, 'Rimi', '2023-05-08 04:14:31', '2023-05-08 04:14:31'),
(444, 21, 'Sabuwa', '2023-05-08 04:14:31', '2023-05-08 04:14:31'),
(445, 21, 'Safana', '2023-05-08 04:14:31', '2023-05-08 04:14:31'),
(446, 21, 'Sandamu', '2023-05-08 04:14:31', '2023-05-08 04:14:31'),
(447, 21, 'Zango', '2023-05-08 04:14:31', '2023-05-08 04:14:31'),
(448, 22, 'Aleiro', '2023-05-08 04:14:31', '2023-05-08 04:14:31'),
(449, 22, 'Arewa Dandi', '2023-05-08 04:14:31', '2023-05-08 04:14:31'),
(450, 22, 'Argungu', '2023-05-08 04:14:31', '2023-05-08 04:14:31'),
(451, 22, 'Augie', '2023-05-08 04:14:31', '2023-05-08 04:14:31'),
(452, 22, 'Bagudo', '2023-05-08 04:14:31', '2023-05-08 04:14:31'),
(453, 22, 'Birnin Kebbi', '2023-05-08 04:14:31', '2023-05-08 04:14:31'),
(454, 22, 'Bunza', '2023-05-08 04:14:31', '2023-05-08 04:14:31'),
(455, 22, 'Dandi', '2023-05-08 04:14:31', '2023-05-08 04:14:31'),
(456, 22, 'Fakai', '2023-05-08 04:14:31', '2023-05-08 04:14:31'),
(457, 22, 'Gwandu', '2023-05-08 04:14:31', '2023-05-08 04:14:31'),
(458, 22, 'Jega', '2023-05-08 04:14:31', '2023-05-08 04:14:31'),
(459, 22, 'Kalgo', '2023-05-08 04:14:31', '2023-05-08 04:14:31'),
(460, 22, 'Koko/Besse', '2023-05-08 04:14:31', '2023-05-08 04:14:31'),
(461, 22, 'Maiyama', '2023-05-08 04:14:31', '2023-05-08 04:14:31'),
(462, 22, 'Ngaski', '2023-05-08 04:14:31', '2023-05-08 04:14:31'),
(463, 22, 'Sakaba', '2023-05-08 04:14:31', '2023-05-08 04:14:31'),
(464, 22, 'Shanga', '2023-05-08 04:14:31', '2023-05-08 04:14:31'),
(465, 22, 'Suru', '2023-05-08 04:14:31', '2023-05-08 04:14:31'),
(466, 22, 'Wasagu/Danko', '2023-05-08 04:14:31', '2023-05-08 04:14:31'),
(467, 22, 'Yauri', '2023-05-08 04:14:31', '2023-05-08 04:14:31'),
(468, 22, 'Zuru', '2023-05-08 04:14:31', '2023-05-08 04:14:31'),
(469, 23, 'Adavi', '2023-05-08 04:14:31', '2023-05-08 04:14:31'),
(470, 23, 'Ajaokuta', '2023-05-08 04:14:31', '2023-05-08 04:14:31'),
(471, 23, 'Ankpa', '2023-05-08 04:14:31', '2023-05-08 04:14:31'),
(472, 23, 'Bassa', '2023-05-08 04:14:31', '2023-05-08 04:14:31'),
(473, 23, 'Dekina', '2023-05-08 04:14:31', '2023-05-08 04:14:31'),
(474, 23, 'Ibaji', '2023-05-08 04:14:31', '2023-05-08 04:14:31'),
(475, 23, 'Idah', '2023-05-08 04:14:31', '2023-05-08 04:14:31'),
(476, 23, 'Igalamela Odolu', '2023-05-08 04:14:31', '2023-05-08 04:14:31'),
(477, 23, 'Ijumu', '2023-05-08 04:14:31', '2023-05-08 04:14:31'),
(478, 23, 'Kabba/Bunu', '2023-05-08 04:14:31', '2023-05-08 04:14:31'),
(479, 23, 'Kogi', '2023-05-08 04:14:31', '2023-05-08 04:14:31'),
(480, 23, 'Lokoja', '2023-05-08 04:14:31', '2023-05-08 04:14:31'),
(481, 23, 'Mopa Muro', '2023-05-08 04:14:31', '2023-05-08 04:14:31'),
(482, 23, 'Ofu', '2023-05-08 04:14:31', '2023-05-08 04:14:31'),
(483, 23, 'Ogori/Magongo', '2023-05-08 04:14:31', '2023-05-08 04:14:31'),
(484, 23, 'Okehi', '2023-05-08 04:14:31', '2023-05-08 04:14:31'),
(485, 23, 'Okene', '2023-05-08 04:14:31', '2023-05-08 04:14:31'),
(486, 23, 'Olamaboro', '2023-05-08 04:14:31', '2023-05-08 04:14:31'),
(487, 23, 'Omala', '2023-05-08 04:14:31', '2023-05-08 04:14:31'),
(488, 23, 'Yagba East', '2023-05-08 04:14:31', '2023-05-08 04:14:31'),
(489, 23, 'Yagba West', '2023-05-08 04:14:31', '2023-05-08 04:14:31'),
(490, 24, 'Asa', '2023-05-08 04:14:31', '2023-05-08 04:14:31'),
(491, 24, 'Baruten', '2023-05-08 04:14:31', '2023-05-08 04:14:31'),
(492, 24, 'Edu', '2023-05-08 04:14:31', '2023-05-08 04:14:31'),
(493, 24, 'Ekiti, Kwara State', '2023-05-08 04:14:31', '2023-05-08 04:14:31'),
(494, 24, 'Ifelodun', '2023-05-08 04:14:31', '2023-05-08 04:14:31'),
(495, 24, 'Ilorin East', '2023-05-08 04:14:31', '2023-05-08 04:14:31'),
(496, 24, 'Ilorin South', '2023-05-08 04:14:31', '2023-05-08 04:14:31'),
(497, 24, 'Ilorin West', '2023-05-08 04:14:31', '2023-05-08 04:14:31'),
(498, 24, 'Irepodun', '2023-05-08 04:14:31', '2023-05-08 04:14:31'),
(499, 24, 'Isin', '2023-05-08 04:14:31', '2023-05-08 04:14:31'),
(500, 24, 'Kaiama', '2023-05-08 04:14:31', '2023-05-08 04:14:31'),
(501, 24, 'Moro', '2023-05-08 04:14:31', '2023-05-08 04:14:31'),
(502, 24, 'Offa', '2023-05-08 04:14:31', '2023-05-08 04:14:31'),
(503, 24, 'Oke Ero', '2023-05-08 04:14:31', '2023-05-08 04:14:31'),
(504, 24, 'Oyun', '2023-05-08 04:14:31', '2023-05-08 04:14:31'),
(505, 24, 'Pategi', '2023-05-08 04:14:31', '2023-05-08 04:14:31'),
(506, 25, 'Agege', '2023-05-08 04:14:31', '2023-05-08 04:14:31'),
(507, 25, 'Ajeromi-Ifelodun', '2023-05-08 04:14:31', '2023-05-08 04:14:31'),
(508, 25, 'Alimosho', '2023-05-08 04:14:31', '2023-05-08 04:14:31'),
(509, 25, 'Amuwo-Odofin', '2023-05-08 04:14:31', '2023-05-08 04:14:31'),
(510, 25, 'Apapa', '2023-05-08 04:14:31', '2023-05-08 04:14:31'),
(511, 25, 'Badagry', '2023-05-08 04:14:31', '2023-05-08 04:14:31'),
(512, 25, 'Epe', '2023-05-08 04:14:31', '2023-05-08 04:14:31'),
(513, 25, 'Eti Osa', '2023-05-08 04:14:31', '2023-05-08 04:14:31'),
(514, 25, 'Ibeju-Lekki', '2023-05-08 04:14:31', '2023-05-08 04:14:31'),
(515, 25, 'Ifako-Ijaiye', '2023-05-08 04:14:31', '2023-05-08 04:14:31'),
(516, 25, 'Ikeja', '2023-05-08 04:14:31', '2023-05-08 04:14:31'),
(517, 25, 'Ikorodu', '2023-05-08 04:14:31', '2023-05-08 04:14:31'),
(518, 25, 'Kosofe', '2023-05-08 04:14:31', '2023-05-08 04:14:31'),
(519, 25, 'Lagos Island', '2023-05-08 04:14:31', '2023-05-08 04:14:31'),
(520, 25, 'Lagos Mainland', '2023-05-08 04:14:31', '2023-05-08 04:14:31'),
(521, 25, 'Mushin', '2023-05-08 04:14:31', '2023-05-08 04:14:31'),
(522, 25, 'Ojo', '2023-05-08 04:14:31', '2023-05-08 04:14:31'),
(523, 25, 'Oshodi-Isolo', '2023-05-08 04:14:31', '2023-05-08 04:14:31'),
(524, 25, 'Shomolu', '2023-05-08 04:14:31', '2023-05-08 04:14:31'),
(525, 25, 'Surulere, Lagos State', '2023-05-08 04:14:31', '2023-05-08 04:14:31'),
(526, 26, 'Akwanga', '2023-05-08 04:14:31', '2023-05-08 04:14:31'),
(527, 26, 'Awe', '2023-05-08 04:14:31', '2023-05-08 04:14:31'),
(528, 26, 'Doma', '2023-05-08 04:14:31', '2023-05-08 04:14:31'),
(529, 26, 'Karu', '2023-05-08 04:14:31', '2023-05-08 04:14:31'),
(530, 26, 'Keana', '2023-05-08 04:14:31', '2023-05-08 04:14:31'),
(531, 26, 'Keffi', '2023-05-08 04:14:31', '2023-05-08 04:14:31'),
(532, 26, 'Kokona', '2023-05-08 04:14:31', '2023-05-08 04:14:31'),
(533, 26, 'Lafia', '2023-05-08 04:14:31', '2023-05-08 04:14:31'),
(534, 26, 'Nasarawa', '2023-05-08 04:14:31', '2023-05-08 04:14:31'),
(535, 26, 'Nasarawa Egon', '2023-05-08 04:14:31', '2023-05-08 04:14:31'),
(536, 26, 'Obi', '2023-05-08 04:14:31', '2023-05-08 04:14:31'),
(537, 26, 'Toto', '2023-05-08 04:14:31', '2023-05-08 04:14:31'),
(538, 26, 'Wamba', '2023-05-08 04:14:31', '2023-05-08 04:14:31'),
(539, 27, 'Agaie', '2023-05-08 04:14:31', '2023-05-08 04:14:31'),
(540, 27, 'Agwara', '2023-05-08 04:14:31', '2023-05-08 04:14:31'),
(541, 27, 'Bida', '2023-05-08 04:14:31', '2023-05-08 04:14:31'),
(542, 27, 'Borgu', '2023-05-08 04:14:31', '2023-05-08 04:14:31'),
(543, 27, 'Bosso', '2023-05-08 04:14:31', '2023-05-08 04:14:31'),
(544, 27, 'Chanchaga', '2023-05-08 04:14:31', '2023-05-08 04:14:31'),
(545, 27, 'Edati', '2023-05-08 04:14:31', '2023-05-08 04:14:31'),
(546, 27, 'Gbako', '2023-05-08 04:14:31', '2023-05-08 04:14:31'),
(547, 27, 'Gurara', '2023-05-08 04:14:31', '2023-05-08 04:14:31'),
(548, 27, 'Katcha', '2023-05-08 04:14:31', '2023-05-08 04:14:31'),
(549, 27, 'Kontagora', '2023-05-08 04:14:31', '2023-05-08 04:14:31'),
(550, 27, 'Lapai', '2023-05-08 04:14:31', '2023-05-08 04:14:31'),
(551, 27, 'Lavun', '2023-05-08 04:14:31', '2023-05-08 04:14:31'),
(552, 27, 'Magama', '2023-05-08 04:14:31', '2023-05-08 04:14:31'),
(553, 27, 'Mariga', '2023-05-08 04:14:31', '2023-05-08 04:14:31'),
(554, 27, 'Mashegu', '2023-05-08 04:14:31', '2023-05-08 04:14:31'),
(555, 27, 'Mokwa', '2023-05-08 04:14:31', '2023-05-08 04:14:31'),
(556, 27, 'Moya', '2023-05-08 04:14:31', '2023-05-08 04:14:31'),
(557, 27, 'Paikoro', '2023-05-08 04:14:31', '2023-05-08 04:14:31'),
(558, 27, 'Rafi', '2023-05-08 04:14:31', '2023-05-08 04:14:31'),
(559, 27, 'Rijau', '2023-05-08 04:14:31', '2023-05-08 04:14:31'),
(560, 27, 'Shiroro', '2023-05-08 04:14:31', '2023-05-08 04:14:31'),
(561, 27, 'Suleja', '2023-05-08 04:14:31', '2023-05-08 04:14:31'),
(562, 27, 'Tafa', '2023-05-08 04:14:31', '2023-05-08 04:14:31'),
(563, 27, 'Wushishi', '2023-05-08 04:14:31', '2023-05-08 04:14:31'),
(564, 28, 'Abeokuta North', '2023-05-08 04:14:31', '2023-05-08 04:14:31'),
(565, 28, 'Abeokuta South', '2023-05-08 04:14:31', '2023-05-08 04:14:31'),
(566, 28, 'Ado-Odo/Ota', '2023-05-08 04:14:31', '2023-05-08 04:14:31'),
(567, 28, 'Egbado North', '2023-05-08 04:14:31', '2023-05-08 04:14:31'),
(568, 28, 'Egbado South', '2023-05-08 04:14:31', '2023-05-08 04:14:31'),
(569, 28, 'Ewekoro', '2023-05-08 04:14:31', '2023-05-08 04:14:31'),
(570, 28, 'Ifo', '2023-05-08 04:14:31', '2023-05-08 04:14:31'),
(571, 28, 'Ijebu East', '2023-05-08 04:14:31', '2023-05-08 04:14:31'),
(572, 28, 'Ijebu North', '2023-05-08 04:14:31', '2023-05-08 04:14:31'),
(573, 28, 'Ijebu North East', '2023-05-08 04:14:31', '2023-05-08 04:14:31'),
(574, 28, 'Ijebu Ode', '2023-05-08 04:14:31', '2023-05-08 04:14:31'),
(575, 28, 'Ikenne', '2023-05-08 04:14:31', '2023-05-08 04:14:31'),
(576, 28, 'Imeko Afon', '2023-05-08 04:14:31', '2023-05-08 04:14:31'),
(577, 28, 'Ipokia', '2023-05-08 04:14:31', '2023-05-08 04:14:31'),
(578, 28, 'Obafemi Owode', '2023-05-08 04:14:31', '2023-05-08 04:14:31'),
(579, 28, 'Odeda', '2023-05-08 04:14:31', '2023-05-08 04:14:31'),
(580, 28, 'Odogbolu', '2023-05-08 04:14:31', '2023-05-08 04:14:31'),
(581, 28, 'Ogun Waterside', '2023-05-08 04:14:31', '2023-05-08 04:14:31'),
(582, 28, 'Remo North', '2023-05-08 04:14:31', '2023-05-08 04:14:31'),
(583, 28, 'Shagamu', '2023-05-08 04:14:31', '2023-05-08 04:14:31'),
(584, 29, 'Akoko North-East', '2023-05-08 04:14:31', '2023-05-08 04:14:31'),
(585, 29, 'Akoko North-West', '2023-05-08 04:14:31', '2023-05-08 04:14:31'),
(586, 29, 'Akoko South-West', '2023-05-08 04:14:31', '2023-05-08 04:14:31'),
(587, 29, 'Akoko South-East', '2023-05-08 04:14:31', '2023-05-08 04:14:31'),
(588, 29, 'Akure North', '2023-05-08 04:14:31', '2023-05-08 04:14:31'),
(589, 29, 'Akure South', '2023-05-08 04:14:31', '2023-05-08 04:14:31'),
(590, 29, 'Ese Odo', '2023-05-08 04:14:31', '2023-05-08 04:14:31'),
(591, 29, 'Idanre', '2023-05-08 04:14:31', '2023-05-08 04:14:31'),
(592, 29, 'Ifedore', '2023-05-08 04:14:31', '2023-05-08 04:14:31'),
(593, 29, 'Ilaje', '2023-05-08 04:14:31', '2023-05-08 04:14:31'),
(594, 29, 'Ile Oluji/Okeigbo', '2023-05-08 04:14:31', '2023-05-08 04:14:31'),
(595, 29, 'Irele', '2023-05-08 04:14:31', '2023-05-08 04:14:31'),
(596, 29, 'Odigbo', '2023-05-08 04:14:31', '2023-05-08 04:14:31'),
(597, 29, 'Okitipupa', '2023-05-08 04:14:31', '2023-05-08 04:14:31'),
(598, 29, 'Ondo East', '2023-05-08 04:14:31', '2023-05-08 04:14:31'),
(599, 29, 'Ondo West', '2023-05-08 04:14:31', '2023-05-08 04:14:31'),
(600, 29, 'Ose', '2023-05-08 04:14:31', '2023-05-08 04:14:31'),
(601, 29, 'Owo', '2023-05-08 04:14:31', '2023-05-08 04:14:31'),
(602, 30, 'Atakunmosa East', '2023-05-08 04:14:31', '2023-05-08 04:14:31'),
(603, 30, 'Atakunmosa West', '2023-05-08 04:14:32', '2023-05-08 04:14:32'),
(604, 30, 'Aiyedaade', '2023-05-08 04:14:32', '2023-05-08 04:14:32'),
(605, 30, 'Aiyedire', '2023-05-08 04:14:32', '2023-05-08 04:14:32'),
(606, 30, 'Boluwaduro', '2023-05-08 04:14:32', '2023-05-08 04:14:32'),
(607, 30, 'Boripe', '2023-05-08 04:14:32', '2023-05-08 04:14:32'),
(608, 30, 'Ede North', '2023-05-08 04:14:32', '2023-05-08 04:14:32'),
(609, 30, 'Ede South', '2023-05-08 04:14:32', '2023-05-08 04:14:32'),
(610, 30, 'Ife Central', '2023-05-08 04:14:32', '2023-05-08 04:14:32'),
(611, 30, 'Ife East', '2023-05-08 04:14:32', '2023-05-08 04:14:32'),
(612, 30, 'Ife North', '2023-05-08 04:14:32', '2023-05-08 04:14:32'),
(613, 30, 'Ife South', '2023-05-08 04:14:32', '2023-05-08 04:14:32'),
(614, 30, 'Egbedore', '2023-05-08 04:14:32', '2023-05-08 04:14:32'),
(615, 30, 'Ejigbo', '2023-05-08 04:14:32', '2023-05-08 04:14:32'),
(616, 30, 'Ifedayo', '2023-05-08 04:14:32', '2023-05-08 04:14:32'),
(617, 30, 'Ifelodun', '2023-05-08 04:14:32', '2023-05-08 04:14:32'),
(618, 30, 'Ila', '2023-05-08 04:14:32', '2023-05-08 04:14:32'),
(619, 30, 'Ilesa East', '2023-05-08 04:14:32', '2023-05-08 04:14:32'),
(620, 30, 'Ilesa West', '2023-05-08 04:14:32', '2023-05-08 04:14:32'),
(621, 30, 'Irepodun', '2023-05-08 04:14:32', '2023-05-08 04:14:32'),
(622, 30, 'Irewole', '2023-05-08 04:14:32', '2023-05-08 04:14:32'),
(623, 30, 'Isokan', '2023-05-08 04:14:32', '2023-05-08 04:14:32'),
(624, 30, 'Iwo', '2023-05-08 04:14:32', '2023-05-08 04:14:32'),
(625, 30, 'Obokun', '2023-05-08 04:14:32', '2023-05-08 04:14:32'),
(626, 30, 'Odo Otin', '2023-05-08 04:14:32', '2023-05-08 04:14:32'),
(627, 30, 'Ola Oluwa', '2023-05-08 04:14:32', '2023-05-08 04:14:32'),
(628, 30, 'Olorunda', '2023-05-08 04:14:32', '2023-05-08 04:14:32'),
(629, 30, 'Oriade', '2023-05-08 04:14:32', '2023-05-08 04:14:32'),
(630, 30, 'Orolu', '2023-05-08 04:14:32', '2023-05-08 04:14:32'),
(631, 30, 'Osogbo', '2023-05-08 04:14:32', '2023-05-08 04:14:32'),
(632, 31, 'Afijio', '2023-05-08 04:14:32', '2023-05-08 04:14:32'),
(633, 31, 'Akinyele', '2023-05-08 04:14:32', '2023-05-08 04:14:32'),
(634, 31, 'Atiba', '2023-05-08 04:14:32', '2023-05-08 04:14:32'),
(635, 31, 'Atisbo', '2023-05-08 04:14:32', '2023-05-08 04:14:32'),
(636, 31, 'Egbeda', '2023-05-08 04:14:32', '2023-05-08 04:14:32'),
(637, 31, 'Ibadan North', '2023-05-08 04:14:32', '2023-05-08 04:14:32'),
(638, 31, 'Ibadan North-East', '2023-05-08 04:14:32', '2023-05-08 04:14:32'),
(639, 31, 'Ibadan North-West', '2023-05-08 04:14:32', '2023-05-08 04:14:32'),
(640, 31, 'Ibadan South-East', '2023-05-08 04:14:32', '2023-05-08 04:14:32'),
(641, 31, 'Ibadan South-West', '2023-05-08 04:14:32', '2023-05-08 04:14:32'),
(642, 31, 'Ibarapa Central', '2023-05-08 04:14:32', '2023-05-08 04:14:32'),
(643, 31, 'Ibarapa East', '2023-05-08 04:14:32', '2023-05-08 04:14:32'),
(644, 31, 'Ibarapa North', '2023-05-08 04:14:32', '2023-05-08 04:14:32'),
(645, 31, 'Ido', '2023-05-08 04:14:32', '2023-05-08 04:14:32'),
(646, 31, 'Irepo', '2023-05-08 04:14:32', '2023-05-08 04:14:32'),
(647, 31, 'Iseyin', '2023-05-08 04:14:32', '2023-05-08 04:14:32'),
(648, 31, 'Itesiwaju', '2023-05-08 04:14:32', '2023-05-08 04:14:32'),
(649, 31, 'Iwajowa', '2023-05-08 04:14:32', '2023-05-08 04:14:32'),
(650, 31, 'Kajola', '2023-05-08 04:14:32', '2023-05-08 04:14:32'),
(651, 31, 'Lagelu', '2023-05-08 04:14:32', '2023-05-08 04:14:32'),
(652, 31, 'Ogbomosho North', '2023-05-08 04:14:32', '2023-05-08 04:14:32'),
(653, 31, 'Ogbomosho South', '2023-05-08 04:14:32', '2023-05-08 04:14:32'),
(654, 31, 'Ogo Oluwa', '2023-05-08 04:14:32', '2023-05-08 04:14:32'),
(655, 31, 'Olorunsogo', '2023-05-08 04:14:32', '2023-05-08 04:14:32'),
(656, 31, 'Oluyole', '2023-05-08 04:14:32', '2023-05-08 04:14:32'),
(657, 31, 'Ona Ara', '2023-05-08 04:14:32', '2023-05-08 04:14:32'),
(658, 31, 'Orelope', '2023-05-08 04:14:32', '2023-05-08 04:14:32'),
(659, 31, 'Ori Ire', '2023-05-08 04:14:32', '2023-05-08 04:14:32'),
(660, 31, 'Oyo', '2023-05-08 04:14:32', '2023-05-08 04:14:32'),
(661, 31, 'Oyo East', '2023-05-08 04:14:32', '2023-05-08 04:14:32'),
(662, 31, 'Saki East', '2023-05-08 04:14:32', '2023-05-08 04:14:32'),
(663, 31, 'Saki West', '2023-05-08 04:14:32', '2023-05-08 04:14:32'),
(664, 31, 'Surulere, Oyo State', '2023-05-08 04:14:32', '2023-05-08 04:14:32'),
(665, 32, 'Bokkos', '2023-05-08 04:14:32', '2023-05-08 04:14:32'),
(666, 32, 'Barkin Ladi', '2023-05-08 04:14:32', '2023-05-08 04:14:32'),
(667, 32, 'Bassa', '2023-05-08 04:14:32', '2023-05-08 04:14:32'),
(668, 32, 'Jos East', '2023-05-08 04:14:32', '2023-05-08 04:14:32'),
(669, 32, 'Jos North', '2023-05-08 04:14:32', '2023-05-08 04:14:32'),
(670, 32, 'Jos South', '2023-05-08 04:14:32', '2023-05-08 04:14:32'),
(671, 32, 'Kanam', '2023-05-08 04:14:32', '2023-05-08 04:14:32'),
(672, 32, 'Kanke', '2023-05-08 04:14:32', '2023-05-08 04:14:32'),
(673, 32, 'Langtang South', '2023-05-08 04:14:32', '2023-05-08 04:14:32'),
(674, 32, 'Langtang North', '2023-05-08 04:14:32', '2023-05-08 04:14:32'),
(675, 32, 'Mangu', '2023-05-08 04:14:32', '2023-05-08 04:14:32'),
(676, 32, 'Mikang', '2023-05-08 04:14:32', '2023-05-08 04:14:32'),
(677, 32, 'Pankshin', '2023-05-08 04:14:32', '2023-05-08 04:14:32'),
(678, 32, 'Qua\'an Pan', '2023-05-08 04:14:32', '2023-05-08 04:14:32'),
(679, 32, 'Riyom', '2023-05-08 04:14:32', '2023-05-08 04:14:32'),
(680, 32, 'Shendam', '2023-05-08 04:14:32', '2023-05-08 04:14:32'),
(681, 32, 'Wase', '2023-05-08 04:14:32', '2023-05-08 04:14:32'),
(682, 33, 'Abua/Odual', '2023-05-08 04:14:32', '2023-05-08 04:14:32'),
(683, 33, 'Ahoada East', '2023-05-08 04:14:32', '2023-05-08 04:14:32'),
(684, 33, 'Ahoada West', '2023-05-08 04:14:32', '2023-05-08 04:14:32'),
(685, 33, 'Akuku-Toru', '2023-05-08 04:14:32', '2023-05-08 04:14:32'),
(686, 33, 'Andoni', '2023-05-08 04:14:32', '2023-05-08 04:14:32'),
(687, 33, 'Asari-Toru', '2023-05-08 04:14:32', '2023-05-08 04:14:32'),
(688, 33, 'Bonny', '2023-05-08 04:14:32', '2023-05-08 04:14:32'),
(689, 33, 'Degema', '2023-05-08 04:14:32', '2023-05-08 04:14:32'),
(690, 33, 'Eleme', '2023-05-08 04:14:32', '2023-05-08 04:14:32'),
(691, 33, 'Emuoha', '2023-05-08 04:14:32', '2023-05-08 04:14:32'),
(692, 33, 'Etche', '2023-05-08 04:14:32', '2023-05-08 04:14:32'),
(693, 33, 'Gokana', '2023-05-08 04:14:32', '2023-05-08 04:14:32'),
(694, 33, 'Ikwerre', '2023-05-08 04:14:32', '2023-05-08 04:14:32'),
(695, 33, 'Khana', '2023-05-08 04:14:32', '2023-05-08 04:14:32'),
(696, 33, 'Obio/Akpor', '2023-05-08 04:14:32', '2023-05-08 04:14:32'),
(697, 33, 'Ogba/Egbema/Ndoni', '2023-05-08 04:14:32', '2023-05-08 04:14:32'),
(698, 33, 'Ogu/Bolo', '2023-05-08 04:14:32', '2023-05-08 04:14:32'),
(699, 33, 'Okrika', '2023-05-08 04:14:32', '2023-05-08 04:14:32'),
(700, 33, 'Omuma', '2023-05-08 04:14:32', '2023-05-08 04:14:32'),
(701, 33, 'Opobo/Nkoro', '2023-05-08 04:14:32', '2023-05-08 04:14:32'),
(702, 33, 'Oyigbo', '2023-05-08 04:14:32', '2023-05-08 04:14:32'),
(703, 33, 'Port Harcourt', '2023-05-08 04:14:32', '2023-05-08 04:14:32'),
(704, 33, 'Tai', '2023-05-08 04:14:32', '2023-05-08 04:14:32'),
(705, 34, 'Binji', '2023-05-08 04:14:32', '2023-05-08 04:14:32'),
(706, 34, 'Bodinga', '2023-05-08 04:14:32', '2023-05-08 04:14:32'),
(707, 34, 'Dange Shuni', '2023-05-08 04:14:32', '2023-05-08 04:14:32'),
(708, 34, 'Gada', '2023-05-08 04:14:32', '2023-05-08 04:14:32'),
(709, 34, 'Goronyo', '2023-05-08 04:14:32', '2023-05-08 04:14:32'),
(710, 34, 'Gudu', '2023-05-08 04:14:32', '2023-05-08 04:14:32'),
(711, 34, 'Gwadabawa', '2023-05-08 04:14:32', '2023-05-08 04:14:32'),
(712, 34, 'Illela', '2023-05-08 04:14:32', '2023-05-08 04:14:32'),
(713, 34, 'Isa', '2023-05-08 04:14:32', '2023-05-08 04:14:32'),
(714, 34, 'Kebbe', '2023-05-08 04:14:32', '2023-05-08 04:14:32'),
(715, 34, 'Kware', '2023-05-08 04:14:32', '2023-05-08 04:14:32'),
(716, 34, 'Rabah', '2023-05-08 04:14:32', '2023-05-08 04:14:32'),
(717, 34, 'Sabon Birni', '2023-05-08 04:14:32', '2023-05-08 04:14:32'),
(718, 34, 'Shagari', '2023-05-08 04:14:32', '2023-05-08 04:14:32'),
(719, 34, 'Silame', '2023-05-08 04:14:32', '2023-05-08 04:14:32'),
(720, 34, 'Sokoto North', '2023-05-08 04:14:32', '2023-05-08 04:14:32'),
(721, 34, 'Sokoto South', '2023-05-08 04:14:32', '2023-05-08 04:14:32'),
(722, 34, 'Tambuwal', '2023-05-08 04:14:32', '2023-05-08 04:14:32'),
(723, 34, 'Tangaza', '2023-05-08 04:14:32', '2023-05-08 04:14:32'),
(724, 34, 'Tureta', '2023-05-08 04:14:32', '2023-05-08 04:14:32'),
(725, 34, 'Wamako', '2023-05-08 04:14:32', '2023-05-08 04:14:32'),
(726, 34, 'Wurno', '2023-05-08 04:14:32', '2023-05-08 04:14:32'),
(727, 34, 'Yabo', '2023-05-08 04:14:32', '2023-05-08 04:14:32'),
(728, 35, 'Ardo Kola', '2023-05-08 04:14:32', '2023-05-08 04:14:32'),
(729, 35, 'Bali', '2023-05-08 04:14:32', '2023-05-08 04:14:32'),
(730, 35, 'Donga', '2023-05-08 04:14:32', '2023-05-08 04:14:32'),
(731, 35, 'Gashaka', '2023-05-08 04:14:32', '2023-05-08 04:14:32'),
(732, 35, 'Gassol', '2023-05-08 04:14:32', '2023-05-08 04:14:32'),
(733, 35, 'Ibi', '2023-05-08 04:14:32', '2023-05-08 04:14:32'),
(734, 35, 'Jalingo', '2023-05-08 04:14:32', '2023-05-08 04:14:32'),
(735, 35, 'Karim Lamido', '2023-05-08 04:14:32', '2023-05-08 04:14:32'),
(736, 35, 'Kumi', '2023-05-08 04:14:32', '2023-05-08 04:14:32'),
(737, 35, 'Lau', '2023-05-08 04:14:32', '2023-05-08 04:14:32'),
(738, 35, 'Sardauna', '2023-05-08 04:14:32', '2023-05-08 04:14:32'),
(739, 35, 'Takum', '2023-05-08 04:14:32', '2023-05-08 04:14:32'),
(740, 35, 'Ussa', '2023-05-08 04:14:32', '2023-05-08 04:14:32'),
(741, 35, 'Wukari', '2023-05-08 04:14:32', '2023-05-08 04:14:32'),
(742, 35, 'Yorro', '2023-05-08 04:14:32', '2023-05-08 04:14:32'),
(743, 35, 'Zing', '2023-05-08 04:14:32', '2023-05-08 04:14:32'),
(744, 36, 'Bade', '2023-05-08 04:14:32', '2023-05-08 04:14:32'),
(745, 36, 'Bursari', '2023-05-08 04:14:32', '2023-05-08 04:14:32'),
(746, 36, 'Damaturu', '2023-05-08 04:14:32', '2023-05-08 04:14:32'),
(747, 36, 'Fika', '2023-05-08 04:14:32', '2023-05-08 04:14:32'),
(748, 36, 'Fune', '2023-05-08 04:14:32', '2023-05-08 04:14:32'),
(749, 36, 'Geidam', '2023-05-08 04:14:32', '2023-05-08 04:14:32'),
(750, 36, 'Gujba', '2023-05-08 04:14:32', '2023-05-08 04:14:32'),
(751, 36, 'Gulani', '2023-05-08 04:14:32', '2023-05-08 04:14:32'),
(752, 36, 'Jakusko', '2023-05-08 04:14:32', '2023-05-08 04:14:32'),
(753, 36, 'Karasuwa', '2023-05-08 04:14:32', '2023-05-08 04:14:32');
INSERT INTO `lgas` (`id`, `state_id`, `name`, `created_at`, `updated_at`) VALUES
(754, 36, 'Machina', '2023-05-08 04:14:32', '2023-05-08 04:14:32'),
(755, 36, 'Nangere', '2023-05-08 04:14:32', '2023-05-08 04:14:32'),
(756, 36, 'Nguru', '2023-05-08 04:14:32', '2023-05-08 04:14:32'),
(757, 36, 'Potiskum', '2023-05-08 04:14:32', '2023-05-08 04:14:32'),
(758, 36, 'Tarmuwa', '2023-05-08 04:14:32', '2023-05-08 04:14:32'),
(759, 36, 'Yunusari', '2023-05-08 04:14:32', '2023-05-08 04:14:32'),
(760, 36, 'Yusufari', '2023-05-08 04:14:32', '2023-05-08 04:14:32'),
(761, 37, 'Anka', '2023-05-08 04:14:32', '2023-05-08 04:14:32'),
(762, 37, 'Bakura', '2023-05-08 04:14:32', '2023-05-08 04:14:32'),
(763, 37, 'Birnin Magaji/Kiyaw', '2023-05-08 04:14:33', '2023-05-08 04:14:33'),
(764, 37, 'Bukkuyum', '2023-05-08 04:14:33', '2023-05-08 04:14:33'),
(765, 37, 'Bungudu', '2023-05-08 04:14:33', '2023-05-08 04:14:33'),
(766, 37, 'Gummi', '2023-05-08 04:14:33', '2023-05-08 04:14:33'),
(767, 37, 'Gusau', '2023-05-08 04:14:33', '2023-05-08 04:14:33'),
(768, 37, 'Kaura Namoda', '2023-05-08 04:14:33', '2023-05-08 04:14:33'),
(769, 37, 'Maradun', '2023-05-08 04:14:33', '2023-05-08 04:14:33'),
(770, 37, 'Maru', '2023-05-08 04:14:33', '2023-05-08 04:14:33'),
(771, 37, 'Shinkafi', '2023-05-08 04:14:33', '2023-05-08 04:14:33'),
(772, 37, 'Talata Mafara', '2023-05-08 04:14:33', '2023-05-08 04:14:33'),
(773, 37, 'Chafe', '2023-05-08 04:14:33', '2023-05-08 04:14:33'),
(774, 37, 'Zurmi', '2023-05-08 04:14:33', '2023-05-08 04:14:33');

-- --------------------------------------------------------

--
-- Table structure for table `marks`
--

CREATE TABLE `marks` (
  `id` int(10) UNSIGNED NOT NULL,
  `student_id` int(10) UNSIGNED NOT NULL,
  `subject_id` int(10) UNSIGNED NOT NULL,
  `my_class_id` int(10) UNSIGNED NOT NULL,
  `section_id` int(10) UNSIGNED NOT NULL,
  `exam_id` int(10) UNSIGNED NOT NULL,
  `t1` int(11) DEFAULT NULL,
  `t2` int(11) DEFAULT NULL,
  `t3` int(11) DEFAULT NULL,
  `t4` int(11) DEFAULT NULL,
  `tca` int(11) DEFAULT NULL,
  `exm` int(11) DEFAULT NULL,
  `tex1` int(11) DEFAULT NULL,
  `tex2` int(11) DEFAULT NULL,
  `tex3` int(11) DEFAULT NULL,
  `sub_pos` tinyint(4) DEFAULT NULL,
  `cum` int(11) DEFAULT NULL,
  `cum_ave` varchar(255) DEFAULT NULL,
  `grade_id` int(10) UNSIGNED DEFAULT NULL,
  `year` varchar(255) NOT NULL,
  `created_at` timestamp NULL DEFAULT NULL,
  `updated_at` timestamp NULL DEFAULT NULL
) ENGINE=InnoDB DEFAULT CHARSET=utf8mb4 COLLATE=utf8mb4_unicode_ci;

-- --------------------------------------------------------

--
-- Table structure for table `migrations`
--

CREATE TABLE `migrations` (
  `id` int(10) UNSIGNED NOT NULL,
  `migration` varchar(255) NOT NULL,
  `batch` int(11) NOT NULL
) ENGINE=InnoDB DEFAULT CHARSET=utf8mb4 COLLATE=utf8mb4_unicode_ci;

--
-- Dumping data for table `migrations`
--

INSERT INTO `migrations` (`id`, `migration`, `batch`) VALUES
(1, '2013_09_22_124750_create_states_table', 1),
(2, '2013_09_22_124806_create_lgas_table', 1),
(3, '2018_09_20_150906_create_class_types_table', 1),
(4, '2018_09_22_073005_create_my_classes_table', 1),
(5, '2018_09_22_073526_create_sections_table', 1),
(6, '2018_09_22_080555_create_settings_table', 1),
(7, '2018_09_22_081302_create_subjects_table', 1),
(8, '2018_09_22_151514_create_student_records_table', 1),
(9, '2018_10_04_224910_create_exams_table', 1),
(10, '2018_10_06_224846_create_marks_table', 1),
(11, '2018_10_06_224944_create_grades_table', 1),
(12, '2018_10_06_225007_create_pins_table', 1),
(13, '2018_10_18_205550_create_skills_table', 1),
(14, '2018_10_18_205842_create_exam_records_table', 1),
(15, '2018_10_31_191358_create_books_table', 1),
(16, '2018_10_31_192540_create_book_requests_table', 1),
(17, '2018_11_01_132115_create_staff_records_table', 1),
(18, '2018_11_03_210758_create_payments_table', 1),
(19, '2018_11_03_210817_create_payment_records_table', 1),
(20, '2018_11_06_083707_create_receipts_table', 1),
(21, '2018_11_27_180401_create_time_tables_table', 1),
(22, '2023_04_08_000000_create_users_table', 2),
(23, '2023_04_08_100000_create_password_resets_table', 3),
(24, '2023_04_08_100249_create_user_types_table', 4),
(25, '2023_05_05_124241_create_dorms_table', 5),
(26, '2023_09_20_121733_create_blood_groups_table', 6),
(27, '2023_05_06_220431_create_places_table', 7),
(28, '2023_05_05_121148_create_nationalities_table', 8);

-- --------------------------------------------------------

--
-- Table structure for table `my_classes`
--

CREATE TABLE `my_classes` (
  `id` int(10) UNSIGNED NOT NULL,
  `name` varchar(100) NOT NULL,
  `class_type_id` int(10) UNSIGNED DEFAULT NULL,
  `created_at` timestamp NULL DEFAULT NULL,
  `updated_at` timestamp NULL DEFAULT NULL
) ENGINE=InnoDB DEFAULT CHARSET=utf8mb4 COLLATE=utf8mb4_unicode_ci;

--
-- Dumping data for table `my_classes`
--

INSERT INTO `my_classes` (`id`, `name`, `class_type_id`, `created_at`, `updated_at`) VALUES
(11, 'Nursery 1', 9, NULL, NULL),
(12, 'Nursery 2', 9, NULL, NULL),
(13, 'Nursery 3', 9, NULL, NULL),
(14, 'Primary 1', 10, NULL, NULL),
(15, 'Primary 2', 10, NULL, NULL),
(16, 'JSS 2', 11, NULL, NULL),
(17, 'JSS 3', 11, NULL, NULL),
(18, 'SSS 1', 12, NULL, NULL),
(19, 'SSS 2', 12, NULL, NULL),
(20, 'SSS 3', 12, NULL, NULL);

-- --------------------------------------------------------

--
-- Table structure for table `nationalities`
--

CREATE TABLE `nationalities` (
  `id` int(10) UNSIGNED NOT NULL,
  `name` varchar(255) NOT NULL,
  `created_at` timestamp NULL DEFAULT NULL,
  `updated_at` timestamp NULL DEFAULT NULL
) ENGINE=InnoDB DEFAULT CHARSET=utf8mb4 COLLATE=utf8mb4_unicode_ci;

--
-- Dumping data for table `nationalities`
--

INSERT INTO `nationalities` (`id`, `name`, `created_at`, `updated_at`) VALUES
(1, 'Afghan', '2023-05-08 04:14:26', '2023-05-08 04:14:26'),
(2, 'Albanian', '2023-05-08 04:14:26', '2023-05-08 04:14:26'),
(3, 'Algerian', '2023-05-08 04:14:26', '2023-05-08 04:14:26'),
(4, 'American', '2023-05-08 04:14:26', '2023-05-08 04:14:26'),
(5, 'Andorran', '2023-05-08 04:14:26', '2023-05-08 04:14:26'),
(6, 'Angolan', '2023-05-08 04:14:26', '2023-05-08 04:14:26'),
(7, 'Antiguans', '2023-05-08 04:14:26', '2023-05-08 04:14:26'),
(8, 'Argentinean', '2023-05-08 04:14:26', '2023-05-08 04:14:26'),
(9, 'Armenian', '2023-05-08 04:14:26', '2023-05-08 04:14:26'),
(10, 'Australian', '2023-05-08 04:14:26', '2023-05-08 04:14:26'),
(11, 'Austrian', '2023-05-08 04:14:26', '2023-05-08 04:14:26'),
(12, 'Azerbaijani', '2023-05-08 04:14:26', '2023-05-08 04:14:26'),
(13, 'Bahamian', '2023-05-08 04:14:26', '2023-05-08 04:14:26'),
(14, 'Bahraini', '2023-05-08 04:14:26', '2023-05-08 04:14:26'),
(15, 'Bangladeshi', '2023-05-08 04:14:26', '2023-05-08 04:14:26'),
(16, 'Barbadian', '2023-05-08 04:14:26', '2023-05-08 04:14:26'),
(17, 'Barbudans', '2023-05-08 04:14:26', '2023-05-08 04:14:26'),
(18, 'Batswana', '2023-05-08 04:14:26', '2023-05-08 04:14:26'),
(19, 'Belarusian', '2023-05-08 04:14:26', '2023-05-08 04:14:26'),
(20, 'Belgian', '2023-05-08 04:14:27', '2023-05-08 04:14:27'),
(21, 'Belizean', '2023-05-08 04:14:27', '2023-05-08 04:14:27'),
(22, 'Beninese', '2023-05-08 04:14:27', '2023-05-08 04:14:27'),
(23, 'Bhutanese', '2023-05-08 04:14:27', '2023-05-08 04:14:27'),
(24, 'Bolivian', '2023-05-08 04:14:27', '2023-05-08 04:14:27'),
(25, 'Bosnian', '2023-05-08 04:14:27', '2023-05-08 04:14:27'),
(26, 'Brazilian', '2023-05-08 04:14:27', '2023-05-08 04:14:27'),
(27, 'British', '2023-05-08 04:14:27', '2023-05-08 04:14:27'),
(28, 'Bruneian', '2023-05-08 04:14:27', '2023-05-08 04:14:27'),
(29, 'Bulgarian', '2023-05-08 04:14:27', '2023-05-08 04:14:27'),
(30, 'Burkinabe', '2023-05-08 04:14:27', '2023-05-08 04:14:27'),
(31, 'Burmese', '2023-05-08 04:14:27', '2023-05-08 04:14:27'),
(32, 'Burundian', '2023-05-08 04:14:27', '2023-05-08 04:14:27'),
(33, 'Cambodian', '2023-05-08 04:14:27', '2023-05-08 04:14:27'),
(34, 'Cameroonian', '2023-05-08 04:14:27', '2023-05-08 04:14:27'),
(35, 'Canadian', '2023-05-08 04:14:27', '2023-05-08 04:14:27'),
(36, 'Cape Verdean', '2023-05-08 04:14:27', '2023-05-08 04:14:27'),
(37, 'Central African', '2023-05-08 04:14:27', '2023-05-08 04:14:27'),
(38, 'Chadian', '2023-05-08 04:14:27', '2023-05-08 04:14:27'),
(39, 'Chilean', '2023-05-08 04:14:27', '2023-05-08 04:14:27'),
(40, 'Chinese', '2023-05-08 04:14:27', '2023-05-08 04:14:27'),
(41, 'Colombian', '2023-05-08 04:14:27', '2023-05-08 04:14:27'),
(42, 'Comoran', '2023-05-08 04:14:27', '2023-05-08 04:14:27'),
(43, 'Congolese', '2023-05-08 04:14:27', '2023-05-08 04:14:27'),
(44, 'Costa Rican', '2023-05-08 04:14:27', '2023-05-08 04:14:27'),
(45, 'Croatian', '2023-05-08 04:14:27', '2023-05-08 04:14:27'),
(46, 'Cuban', '2023-05-08 04:14:27', '2023-05-08 04:14:27'),
(47, 'Cypriot', '2023-05-08 04:14:27', '2023-05-08 04:14:27'),
(48, 'Czech', '2023-05-08 04:14:27', '2023-05-08 04:14:27'),
(49, 'Danish', '2023-05-08 04:14:27', '2023-05-08 04:14:27'),
(50, 'Djibouti', '2023-05-08 04:14:27', '2023-05-08 04:14:27'),
(51, 'Dominican', '2023-05-08 04:14:27', '2023-05-08 04:14:27'),
(52, 'Dutch', '2023-05-08 04:14:27', '2023-05-08 04:14:27'),
(53, 'East Timorese', '2023-05-08 04:14:27', '2023-05-08 04:14:27'),
(54, 'Ecuadorean', '2023-05-08 04:14:27', '2023-05-08 04:14:27'),
(55, 'Egyptian', '2023-05-08 04:14:27', '2023-05-08 04:14:27'),
(56, 'Emirian', '2023-05-08 04:14:27', '2023-05-08 04:14:27'),
(57, 'Equatorial Guinean', '2023-05-08 04:14:27', '2023-05-08 04:14:27'),
(58, 'Eritrean', '2023-05-08 04:14:27', '2023-05-08 04:14:27'),
(59, 'Estonian', '2023-05-08 04:14:27', '2023-05-08 04:14:27'),
(60, 'Ethiopian', '2023-05-08 04:14:27', '2023-05-08 04:14:27'),
(61, 'Fijian', '2023-05-08 04:14:27', '2023-05-08 04:14:27'),
(62, 'Filipino', '2023-05-08 04:14:27', '2023-05-08 04:14:27'),
(63, 'Finnish', '2023-05-08 04:14:27', '2023-05-08 04:14:27'),
(64, 'French', '2023-05-08 04:14:27', '2023-05-08 04:14:27'),
(65, 'Gabonese', '2023-05-08 04:14:27', '2023-05-08 04:14:27'),
(66, 'Gambian', '2023-05-08 04:14:27', '2023-05-08 04:14:27'),
(67, 'Georgian', '2023-05-08 04:14:27', '2023-05-08 04:14:27'),
(68, 'German', '2023-05-08 04:14:27', '2023-05-08 04:14:27'),
(69, 'Ghanaian', '2023-05-08 04:14:27', '2023-05-08 04:14:27'),
(70, 'Greek', '2023-05-08 04:14:27', '2023-05-08 04:14:27'),
(71, 'Grenadian', '2023-05-08 04:14:27', '2023-05-08 04:14:27'),
(72, 'Guatemalan', '2023-05-08 04:14:27', '2023-05-08 04:14:27'),
(73, 'Guinea-Bissauan', '2023-05-08 04:14:27', '2023-05-08 04:14:27'),
(74, 'Guinean', '2023-05-08 04:14:27', '2023-05-08 04:14:27'),
(75, 'Guyanese', '2023-05-08 04:14:27', '2023-05-08 04:14:27'),
(76, 'Haitian', '2023-05-08 04:14:27', '2023-05-08 04:14:27'),
(77, 'Herzegovinian', '2023-05-08 04:14:27', '2023-05-08 04:14:27'),
(78, 'Honduran', '2023-05-08 04:14:27', '2023-05-08 04:14:27'),
(79, 'Hungarian', '2023-05-08 04:14:27', '2023-05-08 04:14:27'),
(80, 'I-Kiribati', '2023-05-08 04:14:27', '2023-05-08 04:14:27'),
(81, 'Icelander', '2023-05-08 04:14:27', '2023-05-08 04:14:27'),
(82, 'Indian', '2023-05-08 04:14:27', '2023-05-08 04:14:27'),
(83, 'Indonesian', '2023-05-08 04:14:27', '2023-05-08 04:14:27'),
(84, 'Iranian', '2023-05-08 04:14:27', '2023-05-08 04:14:27'),
(85, 'Iraqi', '2023-05-08 04:14:27', '2023-05-08 04:14:27'),
(86, 'Irish', '2023-05-08 04:14:27', '2023-05-08 04:14:27'),
(87, 'Israeli', '2023-05-08 04:14:27', '2023-05-08 04:14:27'),
(88, 'Italian', '2023-05-08 04:14:27', '2023-05-08 04:14:27'),
(89, 'Ivorian', '2023-05-08 04:14:27', '2023-05-08 04:14:27'),
(90, 'Jamaican', '2023-05-08 04:14:27', '2023-05-08 04:14:27'),
(91, 'Japanese', '2023-05-08 04:14:27', '2023-05-08 04:14:27'),
(92, 'Jordanian', '2023-05-08 04:14:27', '2023-05-08 04:14:27'),
(93, 'Kazakhstani', '2023-05-08 04:14:27', '2023-05-08 04:14:27'),
(94, 'Kenyan', '2023-05-08 04:14:27', '2023-05-08 04:14:27'),
(95, 'Kittian and Nevisian', '2023-05-08 04:14:27', '2023-05-08 04:14:27'),
(96, 'Kuwaiti', '2023-05-08 04:14:27', '2023-05-08 04:14:27'),
(97, 'Kyrgyz', '2023-05-08 04:14:27', '2023-05-08 04:14:27'),
(98, 'Laotian', '2023-05-08 04:14:27', '2023-05-08 04:14:27'),
(99, 'Latvian', '2023-05-08 04:14:27', '2023-05-08 04:14:27'),
(100, 'Lebanese', '2023-05-08 04:14:27', '2023-05-08 04:14:27'),
(101, 'Liberian', '2023-05-08 04:14:27', '2023-05-08 04:14:27'),
(102, 'Libyan', '2023-05-08 04:14:27', '2023-05-08 04:14:27'),
(103, 'Liechtensteiner', '2023-05-08 04:14:27', '2023-05-08 04:14:27'),
(104, 'Lithuanian', '2023-05-08 04:14:27', '2023-05-08 04:14:27'),
(105, 'Luxembourger', '2023-05-08 04:14:27', '2023-05-08 04:14:27'),
(106, 'Macedonian', '2023-05-08 04:14:27', '2023-05-08 04:14:27'),
(107, 'Malagasy', '2023-05-08 04:14:27', '2023-05-08 04:14:27'),
(108, 'Malawian', '2023-05-08 04:14:27', '2023-05-08 04:14:27'),
(109, 'Malaysian', '2023-05-08 04:14:27', '2023-05-08 04:14:27'),
(110, 'Maldivan', '2023-05-08 04:14:27', '2023-05-08 04:14:27'),
(111, 'Malian', '2023-05-08 04:14:27', '2023-05-08 04:14:27'),
(112, 'Maltese', '2023-05-08 04:14:27', '2023-05-08 04:14:27'),
(113, 'Marshallese', '2023-05-08 04:14:27', '2023-05-08 04:14:27'),
(114, 'Mauritanian', '2023-05-08 04:14:27', '2023-05-08 04:14:27'),
(115, 'Mauritian', '2023-05-08 04:14:27', '2023-05-08 04:14:27'),
(116, 'Mexican', '2023-05-08 04:14:27', '2023-05-08 04:14:27'),
(117, 'Micronesian', '2023-05-08 04:14:27', '2023-05-08 04:14:27'),
(118, 'Moldovan', '2023-05-08 04:14:27', '2023-05-08 04:14:27'),
(119, 'Monacan', '2023-05-08 04:14:27', '2023-05-08 04:14:27'),
(120, 'Mongolian', '2023-05-08 04:14:27', '2023-05-08 04:14:27'),
(121, 'Moroccan', '2023-05-08 04:14:27', '2023-05-08 04:14:27'),
(122, 'Mosotho', '2023-05-08 04:14:27', '2023-05-08 04:14:27'),
(123, 'Motswana', '2023-05-08 04:14:27', '2023-05-08 04:14:27'),
(124, 'Mozambican', '2023-05-08 04:14:27', '2023-05-08 04:14:27'),
(125, 'Namibian', '2023-05-08 04:14:27', '2023-05-08 04:14:27'),
(126, 'Nauruan', '2023-05-08 04:14:27', '2023-05-08 04:14:27'),
(127, 'Nepalese', '2023-05-08 04:14:27', '2023-05-08 04:14:27'),
(128, 'New Zealander', '2023-05-08 04:14:27', '2023-05-08 04:14:27'),
(129, 'Nicaraguan', '2023-05-08 04:14:27', '2023-05-08 04:14:27'),
(130, 'Nigerian', '2023-05-08 04:14:27', '2023-05-08 04:14:27'),
(131, 'Nigerien', '2023-05-08 04:14:27', '2023-05-08 04:14:27'),
(132, 'North Korean', '2023-05-08 04:14:27', '2023-05-08 04:14:27'),
(133, 'Northern Irish', '2023-05-08 04:14:27', '2023-05-08 04:14:27'),
(134, 'Norwegian', '2023-05-08 04:14:27', '2023-05-08 04:14:27'),
(135, 'Omani', '2023-05-08 04:14:27', '2023-05-08 04:14:27'),
(136, 'Pakistani', '2023-05-08 04:14:27', '2023-05-08 04:14:27'),
(137, 'Palauan', '2023-05-08 04:14:27', '2023-05-08 04:14:27'),
(138, 'Panamanian', '2023-05-08 04:14:27', '2023-05-08 04:14:27'),
(139, 'Papua New Guinean', '2023-05-08 04:14:27', '2023-05-08 04:14:27'),
(140, 'Paraguayan', '2023-05-08 04:14:27', '2023-05-08 04:14:27'),
(141, 'Peruvian', '2023-05-08 04:14:27', '2023-05-08 04:14:27'),
(142, 'Polish', '2023-05-08 04:14:27', '2023-05-08 04:14:27'),
(143, 'Portuguese', '2023-05-08 04:14:27', '2023-05-08 04:14:27'),
(144, 'Qatari', '2023-05-08 04:14:27', '2023-05-08 04:14:27'),
(145, 'Romanian', '2023-05-08 04:14:27', '2023-05-08 04:14:27'),
(146, 'Russian', '2023-05-08 04:14:27', '2023-05-08 04:14:27'),
(147, 'Rwandan', '2023-05-08 04:14:27', '2023-05-08 04:14:27'),
(148, 'Saint Lucian', '2023-05-08 04:14:27', '2023-05-08 04:14:27'),
(149, 'Salvadoran', '2023-05-08 04:14:27', '2023-05-08 04:14:27'),
(150, 'Samoan', '2023-05-08 04:14:27', '2023-05-08 04:14:27'),
(151, 'San Marinese', '2023-05-08 04:14:27', '2023-05-08 04:14:27'),
(152, 'Sao Tomean', '2023-05-08 04:14:27', '2023-05-08 04:14:27'),
(153, 'Saudi', '2023-05-08 04:14:27', '2023-05-08 04:14:27'),
(154, 'Scottish', '2023-05-08 04:14:27', '2023-05-08 04:14:27'),
(155, 'Senegalese', '2023-05-08 04:14:27', '2023-05-08 04:14:27'),
(156, 'Serbian', '2023-05-08 04:14:27', '2023-05-08 04:14:27'),
(157, 'Seychellois', '2023-05-08 04:14:27', '2023-05-08 04:14:27'),
(158, 'Sierra Leonean', '2023-05-08 04:14:27', '2023-05-08 04:14:27'),
(159, 'Singaporean', '2023-05-08 04:14:27', '2023-05-08 04:14:27'),
(160, 'Slovakian', '2023-05-08 04:14:27', '2023-05-08 04:14:27'),
(161, 'Slovenian', '2023-05-08 04:14:27', '2023-05-08 04:14:27'),
(162, 'Solomon Islander', '2023-05-08 04:14:27', '2023-05-08 04:14:27'),
(163, 'Somali', '2023-05-08 04:14:27', '2023-05-08 04:14:27'),
(164, 'South African', '2023-05-08 04:14:27', '2023-05-08 04:14:27'),
(165, 'South Korean', '2023-05-08 04:14:27', '2023-05-08 04:14:27'),
(166, 'Spanish', '2023-05-08 04:14:27', '2023-05-08 04:14:27'),
(167, 'Sri Lankan', '2023-05-08 04:14:27', '2023-05-08 04:14:27'),
(168, 'Sudanese', '2023-05-08 04:14:27', '2023-05-08 04:14:27'),
(169, 'Surinamer', '2023-05-08 04:14:27', '2023-05-08 04:14:27'),
(170, 'Swazi', '2023-05-08 04:14:27', '2023-05-08 04:14:27'),
(171, 'Swedish', '2023-05-08 04:14:27', '2023-05-08 04:14:27'),
(172, 'Swiss', '2023-05-08 04:14:27', '2023-05-08 04:14:27'),
(173, 'Syrian', '2023-05-08 04:14:27', '2023-05-08 04:14:27'),
(174, 'Taiwanese', '2023-05-08 04:14:27', '2023-05-08 04:14:27'),
(175, 'Tajik', '2023-05-08 04:14:27', '2023-05-08 04:14:27'),
(176, 'Tanzanian', '2023-05-08 04:14:27', '2023-05-08 04:14:27'),
(177, 'Thai', '2023-05-08 04:14:27', '2023-05-08 04:14:27'),
(178, 'Togolese', '2023-05-08 04:14:27', '2023-05-08 04:14:27'),
(179, 'Tongan', '2023-05-08 04:14:27', '2023-05-08 04:14:27'),
(180, 'Trinidadian/Tobagonian', '2023-05-08 04:14:27', '2023-05-08 04:14:27'),
(181, 'Tunisian', '2023-05-08 04:14:27', '2023-05-08 04:14:27'),
(182, 'Turkish', '2023-05-08 04:14:27', '2023-05-08 04:14:27'),
(183, 'Tuvaluan', '2023-05-08 04:14:27', '2023-05-08 04:14:27'),
(184, 'Ugandan', '2023-05-08 04:14:27', '2023-05-08 04:14:27'),
(185, 'Ukrainian', '2023-05-08 04:14:27', '2023-05-08 04:14:27'),
(186, 'Uruguayan', '2023-05-08 04:14:27', '2023-05-08 04:14:27'),
(187, 'Uzbekistani', '2023-05-08 04:14:27', '2023-05-08 04:14:27'),
(188, 'Venezuelan', '2023-05-08 04:14:27', '2023-05-08 04:14:27'),
(189, 'Vietnamese', '2023-05-08 04:14:27', '2023-05-08 04:14:27'),
(190, 'Welsh', '2023-05-08 04:14:27', '2023-05-08 04:14:27'),
(191, 'Yemenite', '2023-05-08 04:14:27', '2023-05-08 04:14:27'),
(192, 'Zambian', '2023-05-08 04:14:27', '2023-05-08 04:14:27'),
(193, 'Zimbabwean', '2023-05-08 04:14:27', '2023-05-08 04:14:27');

-- --------------------------------------------------------

--
-- Table structure for table `password_resets`
--

CREATE TABLE `password_resets` (
  `email` varchar(100) NOT NULL,
  `token` varchar(255) NOT NULL,
  `created_at` timestamp NULL DEFAULT NULL
) ENGINE=InnoDB DEFAULT CHARSET=utf8mb4 COLLATE=utf8mb4_unicode_ci;

-- --------------------------------------------------------

--
-- Table structure for table `payments`
--

CREATE TABLE `payments` (
  `id` int(10) UNSIGNED NOT NULL,
  `title` varchar(100) NOT NULL,
  `amount` int(11) NOT NULL,
  `ref_no` varchar(100) NOT NULL,
  `method` varchar(100) NOT NULL DEFAULT 'cash',
  `my_class_id` int(10) UNSIGNED DEFAULT NULL,
  `description` varchar(255) DEFAULT NULL,
  `year` varchar(255) NOT NULL,
  `created_at` timestamp NULL DEFAULT NULL,
  `updated_at` timestamp NULL DEFAULT NULL
) ENGINE=InnoDB DEFAULT CHARSET=utf8mb4 COLLATE=utf8mb4_unicode_ci;

-- --------------------------------------------------------

--
-- Table structure for table `payment_records`
--

CREATE TABLE `payment_records` (
  `id` int(10) UNSIGNED NOT NULL,
  `payment_id` int(10) UNSIGNED NOT NULL,
  `student_id` int(10) UNSIGNED NOT NULL,
  `ref_no` varchar(100) DEFAULT NULL,
  `amt_paid` int(11) DEFAULT NULL,
  `balance` int(11) DEFAULT NULL,
  `paid` tinyint(4) NOT NULL DEFAULT 0,
  `year` varchar(255) NOT NULL,
  `created_at` timestamp NULL DEFAULT NULL,
  `updated_at` timestamp NULL DEFAULT NULL
) ENGINE=InnoDB DEFAULT CHARSET=utf8mb4 COLLATE=utf8mb4_unicode_ci;

-- --------------------------------------------------------

--
-- Table structure for table `pins`
--

CREATE TABLE `pins` (
  `id` int(10) UNSIGNED NOT NULL,
  `code` varchar(40) NOT NULL,
  `used` varchar(255) NOT NULL DEFAULT '0',
  `times_used` varchar(255) NOT NULL DEFAULT '0',
  `user_id` int(10) UNSIGNED DEFAULT NULL,
  `student_id` int(10) UNSIGNED DEFAULT NULL,
  `created_at` timestamp NULL DEFAULT NULL,
  `updated_at` timestamp NULL DEFAULT NULL
) ENGINE=InnoDB DEFAULT CHARSET=utf8mb4 COLLATE=utf8mb4_unicode_ci;

-- --------------------------------------------------------

--
-- Table structure for table `receipts`
--

CREATE TABLE `receipts` (
  `id` int(10) UNSIGNED NOT NULL,
  `pr_id` int(10) UNSIGNED NOT NULL,
  `amt_paid` int(11) NOT NULL,
  `balance` int(11) NOT NULL,
  `year` varchar(255) NOT NULL,
  `created_at` timestamp NULL DEFAULT NULL,
  `updated_at` timestamp NULL DEFAULT NULL
) ENGINE=InnoDB DEFAULT CHARSET=utf8mb4 COLLATE=utf8mb4_unicode_ci;

-- --------------------------------------------------------

--
-- Table structure for table `sections`
--

CREATE TABLE `sections` (
  `id` int(10) UNSIGNED NOT NULL,
  `name` varchar(100) NOT NULL,
  `my_class_id` int(10) UNSIGNED NOT NULL,
  `teacher_id` int(10) UNSIGNED DEFAULT NULL,
  `active` tinyint(4) NOT NULL DEFAULT 0,
  `created_at` timestamp NULL DEFAULT NULL,
  `updated_at` timestamp NULL DEFAULT NULL
) ENGINE=InnoDB DEFAULT CHARSET=utf8mb4 COLLATE=utf8mb4_unicode_ci;

--
-- Dumping data for table `sections`
--

INSERT INTO `sections` (`id`, `name`, `my_class_id`, `teacher_id`, `active`, `created_at`, `updated_at`) VALUES
(1, 'Gold', 11, NULL, 1, NULL, NULL),
(2, 'Diamond', 11, NULL, 0, NULL, NULL),
(3, 'Silver', 12, NULL, 1, NULL, NULL),
(4, 'Lemon', 12, NULL, 0, NULL, NULL),
(5, 'Bronze', 13, NULL, 1, NULL, NULL),
(6, 'Silver', 14, NULL, 1, NULL, NULL),
(7, 'Diamond', 15, NULL, 1, NULL, NULL),
(8, 'Blue', 16, NULL, 1, NULL, NULL),
(9, 'A', 17, NULL, 1, NULL, NULL),
(10, 'A', 18, NULL, 1, NULL, NULL),
(11, 'A', 19, NULL, 1, NULL, NULL),
(12, 'A', 20, NULL, 1, NULL, NULL);

-- --------------------------------------------------------

--
-- Table structure for table `settings`
--

CREATE TABLE `settings` (
  `id` int(10) UNSIGNED NOT NULL,
  `type` varchar(255) NOT NULL,
  `description` varchar(255) DEFAULT NULL,
  `created_at` timestamp NULL DEFAULT NULL,
  `updated_at` timestamp NULL DEFAULT NULL
) ENGINE=InnoDB DEFAULT CHARSET=utf8mb4 COLLATE=utf8mb4_unicode_ci;

--
-- Dumping data for table `settings`
--

INSERT INTO `settings` (`id`, `type`, `description`, `created_at`, `updated_at`) VALUES
(1, 'current_session', '2023', NULL, NULL),
(2, 'system_title', 'Utalii', NULL, NULL),
(3, 'system_name', 'Utalii', NULL, NULL),
(4, 'term_ends', '08/23/25', NULL, NULL),
(5, 'term_begins', '08/23/2021', NULL, NULL),
(6, 'phone', '09123456789', NULL, NULL),
(7, 'address', 'Dar es Salaam', NULL, NULL),
(8, 'system_email', 'Otea@otea.com', NULL, NULL),
(9, 'alt_email', '', NULL, NULL),
(10, 'email_host', '', NULL, NULL),
(11, 'email_pass', '', NULL, NULL),
(12, 'lock_exam', '0', NULL, NULL),
(13, 'logo', '', NULL, NULL),
(14, 'next_term_fees_j', '20000', NULL, NULL),
(15, 'next_term_fees_pn', '25000', NULL, NULL),
(16, 'next_term_fees_p', '25000', NULL, NULL),
(17, 'next_term_fees_n', '25600', NULL, NULL),
(18, 'next_term_fees_s', '15600', NULL, NULL),
(19, 'next_term_fees_c', '1600', NULL, NULL);

-- --------------------------------------------------------

--
-- Table structure for table `skills`
--

CREATE TABLE `skills` (
  `id` int(10) UNSIGNED NOT NULL,
  `name` varchar(255) NOT NULL,
  `skill_type` varchar(255) NOT NULL,
  `class_type` varchar(255) DEFAULT NULL,
  `created_at` timestamp NULL DEFAULT NULL,
  `updated_at` timestamp NULL DEFAULT NULL
) ENGINE=InnoDB DEFAULT CHARSET=utf8mb4 COLLATE=utf8mb4_unicode_ci;

--
-- Dumping data for table `skills`
--

INSERT INTO `skills` (`id`, `name`, `skill_type`, `class_type`, `created_at`, `updated_at`) VALUES
(1, 'PUNCTUALITY', 'AF', NULL, NULL, NULL),
(2, 'NEATNESS', 'AF', NULL, NULL, NULL),
(3, 'HONESTY', 'AF', NULL, NULL, NULL),
(4, 'RELIABILITY', 'AF', NULL, NULL, NULL),
(5, 'RELATIONSHIP WITH OTHERS', 'AF', NULL, NULL, NULL),
(6, 'POLITENESS', 'AF', NULL, NULL, NULL),
(7, 'ALERTNESS', 'AF', NULL, NULL, NULL),
(8, 'HANDWRITING', 'PS', NULL, NULL, NULL),
(9, 'GAMES & SPORTS', 'PS', NULL, NULL, NULL),
(10, 'DRAWING & ARTS', 'PS', NULL, NULL, NULL),
(11, 'PAINTING', 'PS', NULL, NULL, NULL),
(12, 'CONSTRUCTION', 'PS', NULL, NULL, NULL),
(13, 'MUSICAL SKILLS', 'PS', NULL, NULL, NULL),
(14, 'FLEXIBILITY', 'PS', NULL, NULL, NULL);

-- --------------------------------------------------------

--
-- Table structure for table `staff_records`
--

CREATE TABLE `staff_records` (
  `id` int(10) UNSIGNED NOT NULL,
  `user_id` int(10) UNSIGNED NOT NULL,
  `code` varchar(100) DEFAULT NULL,
  `emp_date` varchar(255) DEFAULT NULL,
  `created_at` timestamp NULL DEFAULT NULL,
  `updated_at` timestamp NULL DEFAULT NULL
) ENGINE=InnoDB DEFAULT CHARSET=utf8mb4 COLLATE=utf8mb4_unicode_ci;

--
-- Dumping data for table `staff_records`
--

INSERT INTO `staff_records` (`id`, `user_id`, `code`, `emp_date`, `created_at`, `updated_at`) VALUES
(1, 55, 'Utalii/STAFF/1970/01/4127', NULL, '2023-05-08 04:57:26', '2023-05-08 04:57:26');

-- --------------------------------------------------------

--
-- Table structure for table `states`
--

CREATE TABLE `states` (
  `id` int(10) UNSIGNED NOT NULL,
  `name` varchar(255) NOT NULL,
  `created_at` timestamp NULL DEFAULT NULL,
  `updated_at` timestamp NULL DEFAULT NULL
) ENGINE=InnoDB DEFAULT CHARSET=utf8mb4 COLLATE=utf8mb4_unicode_ci;

--
-- Dumping data for table `states`
--

INSERT INTO `states` (`id`, `name`, `created_at`, `updated_at`) VALUES
(1, 'Abia', '2023-05-08 04:14:28', '2023-05-08 04:14:28'),
(2, 'Adamawa', '2023-05-08 04:14:28', '2023-05-08 04:14:28'),
(3, 'Akwa Ibom', '2023-05-08 04:14:28', '2023-05-08 04:14:28'),
(4, 'Anambra', '2023-05-08 04:14:28', '2023-05-08 04:14:28'),
(5, 'Bauchi', '2023-05-08 04:14:28', '2023-05-08 04:14:28'),
(6, 'Bayelsa', '2023-05-08 04:14:28', '2023-05-08 04:14:28'),
(7, 'Benue', '2023-05-08 04:14:28', '2023-05-08 04:14:28'),
(8, 'Borno', '2023-05-08 04:14:28', '2023-05-08 04:14:28'),
(9, 'Cross River', '2023-05-08 04:14:28', '2023-05-08 04:14:28'),
(10, 'Delta', '2023-05-08 04:14:28', '2023-05-08 04:14:28'),
(11, 'Ebonyi', '2023-05-08 04:14:28', '2023-05-08 04:14:28'),
(12, 'Edo', '2023-05-08 04:14:28', '2023-05-08 04:14:28'),
(13, 'Ekiti', '2023-05-08 04:14:28', '2023-05-08 04:14:28'),
(14, 'Enugu', '2023-05-08 04:14:28', '2023-05-08 04:14:28'),
(15, 'FCT', '2023-05-08 04:14:28', '2023-05-08 04:14:28'),
(16, 'Gombe', '2023-05-08 04:14:28', '2023-05-08 04:14:28'),
(17, 'Imo', '2023-05-08 04:14:28', '2023-05-08 04:14:28'),
(18, 'Jigawa', '2023-05-08 04:14:28', '2023-05-08 04:14:28'),
(19, 'Kaduna', '2023-05-08 04:14:28', '2023-05-08 04:14:28'),
(20, 'Kano', '2023-05-08 04:14:28', '2023-05-08 04:14:28'),
(21, 'Katsina', '2023-05-08 04:14:28', '2023-05-08 04:14:28'),
(22, 'Kebbi', '2023-05-08 04:14:28', '2023-05-08 04:14:28'),
(23, 'Kogi', '2023-05-08 04:14:28', '2023-05-08 04:14:28'),
(24, 'Kwara', '2023-05-08 04:14:28', '2023-05-08 04:14:28'),
(25, 'Lagos', '2023-05-08 04:14:28', '2023-05-08 04:14:28'),
(26, 'Nasarawa', '2023-05-08 04:14:28', '2023-05-08 04:14:28'),
(27, 'Niger', '2023-05-08 04:14:28', '2023-05-08 04:14:28'),
(28, 'Ogun', '2023-05-08 04:14:28', '2023-05-08 04:14:28'),
(29, 'Ondo', '2023-05-08 04:14:28', '2023-05-08 04:14:28'),
(30, 'Osun', '2023-05-08 04:14:28', '2023-05-08 04:14:28'),
(31, 'Oyo', '2023-05-08 04:14:28', '2023-05-08 04:14:28'),
(32, 'Plateau', '2023-05-08 04:14:28', '2023-05-08 04:14:28'),
(33, 'Rivers', '2023-05-08 04:14:28', '2023-05-08 04:14:28'),
(34, 'Sokoto', '2023-05-08 04:14:28', '2023-05-08 04:14:28'),
(35, 'Taraba', '2023-05-08 04:14:28', '2023-05-08 04:14:28'),
(36, 'Yobe', '2023-05-08 04:14:28', '2023-05-08 04:14:28'),
(37, 'Zamfara', '2023-05-08 04:14:28', '2023-05-08 04:14:28');

-- --------------------------------------------------------

--
-- Table structure for table `student_records`
--

CREATE TABLE `student_records` (
  `id` int(10) UNSIGNED NOT NULL,
  `user_id` int(10) UNSIGNED NOT NULL,
  `my_class_id` int(10) UNSIGNED NOT NULL,
  `section_id` int(10) UNSIGNED NOT NULL,
  `adm_no` varchar(30) DEFAULT NULL,
  `my_parent_id` int(10) UNSIGNED DEFAULT NULL,
  `dorm_id` int(10) UNSIGNED DEFAULT NULL,
  `dorm_room_no` varchar(255) DEFAULT NULL,
  `session` varchar(255) NOT NULL,
  `house` varchar(255) DEFAULT NULL,
  `age` tinyint(4) DEFAULT NULL,
  `year_admitted` varchar(255) DEFAULT NULL,
  `grad` tinyint(4) NOT NULL DEFAULT 0,
  `grad_date` varchar(255) DEFAULT NULL,
  `created_at` timestamp NULL DEFAULT NULL,
  `updated_at` timestamp NULL DEFAULT NULL
) ENGINE=InnoDB DEFAULT CHARSET=utf8mb4 COLLATE=utf8mb4_unicode_ci;

--
-- Dumping data for table `student_records`
--

INSERT INTO `student_records` (`id`, `user_id`, `my_class_id`, `section_id`, `adm_no`, `my_parent_id`, `dorm_id`, `dorm_room_no`, `session`, `house`, `age`, `year_admitted`, `grad`, `grad_date`, `created_at`, `updated_at`) VALUES
(1, 18, 11, 1, NULL, NULL, NULL, NULL, '2023', NULL, NULL, NULL, 0, NULL, '2023-05-08 04:14:36', '2023-05-08 04:14:36'),
(2, 19, 11, 1, NULL, NULL, NULL, NULL, '2023', NULL, NULL, NULL, 0, NULL, '2023-05-08 04:14:36', '2023-05-08 04:14:36'),
(3, 20, 11, 1, NULL, NULL, NULL, NULL, '2023', NULL, NULL, NULL, 0, NULL, '2023-05-08 04:14:37', '2023-05-08 04:14:37'),
(4, 21, 11, 1, NULL, NULL, NULL, NULL, '2023', NULL, NULL, NULL, 0, NULL, '2023-05-08 04:14:37', '2023-05-08 04:14:37'),
(5, 22, 11, 2, NULL, NULL, NULL, NULL, '2023', NULL, NULL, NULL, 0, NULL, '2023-05-08 04:14:37', '2023-05-08 04:14:37'),
(6, 23, 11, 2, NULL, NULL, NULL, NULL, '2023', NULL, NULL, NULL, 0, NULL, '2023-05-08 04:14:37', '2023-05-08 04:14:37'),
(7, 24, 11, 2, NULL, NULL, NULL, NULL, '2023', NULL, NULL, NULL, 0, NULL, '2023-05-08 04:14:37', '2023-05-08 04:14:37'),
(8, 25, 12, 3, NULL, NULL, NULL, NULL, '2023', NULL, NULL, NULL, 0, NULL, '2023-05-08 04:14:37', '2023-05-08 04:14:37'),
(9, 26, 12, 3, NULL, NULL, NULL, NULL, '2023', NULL, NULL, NULL, 0, NULL, '2023-05-08 04:14:37', '2023-05-08 04:14:37'),
(10, 27, 12, 3, NULL, NULL, NULL, NULL, '2023', NULL, NULL, NULL, 0, NULL, '2023-05-08 04:14:37', '2023-05-08 04:14:37'),
(11, 28, 12, 4, NULL, NULL, NULL, NULL, '2023', NULL, NULL, NULL, 0, NULL, '2023-05-08 04:14:38', '2023-05-08 04:14:38'),
(12, 29, 12, 4, NULL, NULL, NULL, NULL, '2023', NULL, NULL, NULL, 0, NULL, '2023-05-08 04:14:38', '2023-05-08 04:14:38'),
(13, 30, 12, 4, NULL, NULL, NULL, NULL, '2023', NULL, NULL, NULL, 0, NULL, '2023-05-08 04:14:38', '2023-05-08 04:14:38'),
(14, 31, 13, 5, NULL, NULL, NULL, NULL, '2023', NULL, NULL, NULL, 0, NULL, '2023-05-08 04:14:38', '2023-05-08 04:14:38'),
(15, 32, 13, 5, NULL, NULL, NULL, NULL, '2023', NULL, NULL, NULL, 0, NULL, '2023-05-08 04:14:38', '2023-05-08 04:14:38'),
(16, 33, 13, 5, NULL, NULL, NULL, NULL, '2023', NULL, NULL, NULL, 0, NULL, '2023-05-08 04:14:38', '2023-05-08 04:14:38'),
(17, 34, 14, 6, NULL, NULL, NULL, NULL, '2023', NULL, NULL, NULL, 0, NULL, '2023-05-08 04:14:39', '2023-05-08 04:14:39'),
(18, 35, 14, 6, NULL, NULL, NULL, NULL, '2023', NULL, NULL, NULL, 0, NULL, '2023-05-08 04:14:39', '2023-05-08 04:14:39'),
(19, 36, 14, 6, NULL, NULL, NULL, NULL, '2023', NULL, NULL, NULL, 0, NULL, '2023-05-08 04:14:39', '2023-05-08 04:14:39'),
(20, 37, 15, 7, NULL, NULL, NULL, NULL, '2023', NULL, NULL, NULL, 0, NULL, '2023-05-08 04:14:39', '2023-05-08 04:14:39'),
(21, 38, 15, 7, NULL, NULL, NULL, NULL, '2023', NULL, NULL, NULL, 0, NULL, '2023-05-08 04:14:39', '2023-05-08 04:14:39'),
(22, 39, 15, 7, NULL, NULL, NULL, NULL, '2023', NULL, NULL, NULL, 0, NULL, '2023-05-08 04:14:39', '2023-05-08 04:14:39'),
(23, 40, 16, 8, NULL, NULL, NULL, NULL, '2023', NULL, NULL, NULL, 0, NULL, '2023-05-08 04:14:40', '2023-05-08 04:14:40'),
(24, 41, 16, 8, NULL, NULL, NULL, NULL, '2023', NULL, NULL, NULL, 0, NULL, '2023-05-08 04:14:40', '2023-05-08 04:14:40'),
(25, 42, 16, 8, NULL, NULL, NULL, NULL, '2023', NULL, NULL, NULL, 0, NULL, '2023-05-08 04:14:40', '2023-05-08 04:14:40'),
(26, 43, 17, 9, NULL, NULL, NULL, NULL, '2023', NULL, NULL, NULL, 0, NULL, '2023-05-08 04:14:40', '2023-05-08 04:14:40'),
(27, 44, 17, 9, NULL, NULL, NULL, NULL, '2023', NULL, NULL, NULL, 0, NULL, '2023-05-08 04:14:40', '2023-05-08 04:14:40'),
(28, 45, 17, 9, NULL, NULL, NULL, NULL, '2023', NULL, NULL, NULL, 0, NULL, '2023-05-08 04:14:41', '2023-05-08 04:14:41'),
(29, 46, 18, 10, NULL, NULL, NULL, NULL, '2023', NULL, NULL, NULL, 0, NULL, '2023-05-08 04:14:41', '2023-05-08 04:14:41'),
(30, 47, 18, 10, NULL, NULL, NULL, NULL, '2023', NULL, NULL, NULL, 0, NULL, '2023-05-08 04:14:41', '2023-05-08 04:14:41'),
(31, 48, 18, 10, NULL, NULL, NULL, NULL, '2023', NULL, NULL, NULL, 0, NULL, '2023-05-08 04:14:41', '2023-05-08 04:14:41'),
(32, 49, 19, 11, NULL, NULL, NULL, NULL, '2023', NULL, NULL, NULL, 0, NULL, '2023-05-08 04:14:42', '2023-05-08 04:14:42'),
(33, 50, 19, 11, NULL, NULL, NULL, NULL, '2023', NULL, NULL, NULL, 0, NULL, '2023-05-08 04:14:42', '2023-05-08 04:14:42'),
(34, 51, 19, 11, NULL, NULL, NULL, NULL, '2023', NULL, NULL, NULL, 0, NULL, '2023-05-08 04:14:42', '2023-05-08 04:14:42'),
(35, 52, 20, 12, NULL, NULL, NULL, NULL, '2023', NULL, NULL, NULL, 0, NULL, '2023-05-08 04:14:42', '2023-05-08 04:14:42'),
(36, 53, 20, 12, NULL, NULL, NULL, NULL, '2023', NULL, NULL, NULL, 0, NULL, '2023-05-08 04:14:42', '2023-05-08 04:14:42'),
(37, 54, 20, 12, NULL, NULL, NULL, NULL, '2023', NULL, NULL, NULL, 0, NULL, '2023-05-08 04:14:42', '2023-05-08 04:14:42');

-- --------------------------------------------------------

--
-- Table structure for table `subjects`
--

CREATE TABLE `subjects` (
  `id` int(10) UNSIGNED NOT NULL,
  `name` varchar(100) NOT NULL,
  `slug` varchar(100) NOT NULL,
  `my_class_id` int(10) UNSIGNED NOT NULL,
  `teacher_id` int(10) UNSIGNED NOT NULL,
  `created_at` timestamp NULL DEFAULT NULL,
  `updated_at` timestamp NULL DEFAULT NULL
) ENGINE=InnoDB DEFAULT CHARSET=utf8mb4 COLLATE=utf8mb4_unicode_ci;

--
-- Dumping data for table `subjects`
--

INSERT INTO `subjects` (`id`, `name`, `slug`, `my_class_id`, `teacher_id`, `created_at`, `updated_at`) VALUES
(1, 'English Language', 'Eng', 11, 3, NULL, NULL),
(2, 'Mathematics', 'Math', 11, 3, NULL, NULL),
(3, 'English Language', 'Eng', 12, 3, NULL, NULL),
(4, 'Mathematics', 'Math', 12, 3, NULL, NULL),
(5, 'English Language', 'Eng', 13, 3, NULL, NULL),
(6, 'Mathematics', 'Math', 13, 3, NULL, NULL),
(7, 'English Language', 'Eng', 14, 3, NULL, NULL),
(8, 'Mathematics', 'Math', 14, 3, NULL, NULL),
(9, 'English Language', 'Eng', 15, 3, NULL, NULL),
(10, 'Mathematics', 'Math', 15, 3, NULL, NULL),
(11, 'English Language', 'Eng', 16, 3, NULL, NULL),
(12, 'Mathematics', 'Math', 16, 3, NULL, NULL),
(13, 'English Language', 'Eng', 17, 3, NULL, NULL),
(14, 'Mathematics', 'Math', 17, 3, NULL, NULL),
(15, 'English Language', 'Eng', 18, 3, NULL, NULL),
(16, 'Mathematics', 'Math', 18, 3, NULL, NULL),
(17, 'English Language', 'Eng', 19, 3, NULL, NULL),
(18, 'Mathematics', 'Math', 19, 3, NULL, NULL),
(19, 'English Language', 'Eng', 20, 3, NULL, NULL),
(20, 'Mathematics', 'Math', 20, 3, NULL, NULL);

-- --------------------------------------------------------

--
-- Table structure for table `time_slots`
--

CREATE TABLE `time_slots` (
  `id` int(10) UNSIGNED NOT NULL,
  `ttr_id` int(10) UNSIGNED NOT NULL,
  `hour_from` tinyint(4) NOT NULL,
  `min_from` varchar(2) NOT NULL,
  `meridian_from` varchar(2) NOT NULL,
  `hour_to` tinyint(4) NOT NULL,
  `min_to` varchar(2) NOT NULL,
  `meridian_to` varchar(2) NOT NULL,
  `time_from` varchar(100) NOT NULL,
  `time_to` varchar(100) NOT NULL,
  `timestamp_from` varchar(50) NOT NULL,
  `timestamp_to` varchar(50) NOT NULL,
  `full` varchar(100) NOT NULL,
  `created_at` timestamp NULL DEFAULT NULL,
  `updated_at` timestamp NULL DEFAULT NULL
) ENGINE=InnoDB DEFAULT CHARSET=utf8mb4 COLLATE=utf8mb4_unicode_ci;

-- --------------------------------------------------------

--
-- Table structure for table `time_tables`
--

CREATE TABLE `time_tables` (
  `id` int(10) UNSIGNED NOT NULL,
  `ttr_id` int(10) UNSIGNED NOT NULL,
  `ts_id` int(10) UNSIGNED NOT NULL,
  `subject_id` int(10) UNSIGNED DEFAULT NULL,
  `exam_date` varchar(50) DEFAULT NULL,
  `timestamp_from` varchar(100) NOT NULL,
  `timestamp_to` varchar(100) NOT NULL,
  `day` varchar(50) DEFAULT NULL,
  `day_num` tinyint(4) DEFAULT NULL,
  `created_at` timestamp NULL DEFAULT NULL,
  `updated_at` timestamp NULL DEFAULT NULL
) ENGINE=InnoDB DEFAULT CHARSET=utf8mb4 COLLATE=utf8mb4_unicode_ci;

-- --------------------------------------------------------

--
-- Table structure for table `time_table_records`
--

CREATE TABLE `time_table_records` (
  `id` int(10) UNSIGNED NOT NULL,
  `name` varchar(100) NOT NULL,
  `my_class_id` int(10) UNSIGNED NOT NULL,
  `exam_id` int(10) UNSIGNED DEFAULT NULL,
  `year` varchar(100) NOT NULL,
  `created_at` timestamp NULL DEFAULT NULL,
  `updated_at` timestamp NULL DEFAULT NULL
) ENGINE=InnoDB DEFAULT CHARSET=utf8mb4 COLLATE=utf8mb4_unicode_ci;

-- --------------------------------------------------------

--
-- Table structure for table `users`
--

CREATE TABLE `users` (
  `id` int(10) UNSIGNED NOT NULL,
  `name` varchar(255) NOT NULL,
  `email` varchar(100) DEFAULT NULL,
  `code` varchar(100) NOT NULL,
  `username` varchar(100) DEFAULT NULL,
  `user_type` varchar(255) NOT NULL,
  `dob` varchar(255) DEFAULT NULL,
  `gender` varchar(255) DEFAULT NULL,
  `photo` varchar(255) NOT NULL DEFAULT 'http://localhost/global_assets/images/user.png',
  `phone` varchar(255) DEFAULT NULL,
  `phone2` varchar(255) DEFAULT NULL,
  `bg_id` int(10) UNSIGNED DEFAULT NULL,
  `state_id` int(10) UNSIGNED DEFAULT NULL,
  `lga_id` int(10) UNSIGNED DEFAULT NULL,
  `nal_id` int(10) UNSIGNED DEFAULT NULL,
  `address` varchar(255) DEFAULT NULL,
  `email_verified_at` timestamp NULL DEFAULT NULL,
  `password` varchar(255) NOT NULL,
  `remember_token` varchar(100) DEFAULT NULL,
  `created_at` timestamp NULL DEFAULT NULL,
  `updated_at` timestamp NULL DEFAULT NULL
) ENGINE=InnoDB DEFAULT CHARSET=utf8mb4 COLLATE=utf8mb4_unicode_ci;

--
-- Dumping data for table `users`
--

INSERT INTO `users` (`id`, `name`, `email`, `code`, `username`, `user_type`, `dob`, `gender`, `photo`, `phone`, `phone2`, `bg_id`, `state_id`, `lga_id`, `nal_id`, `address`, `email_verified_at`, `password`, `remember_token`, `created_at`, `updated_at`) VALUES
(1, 'CJ Inspired', 'cj@cj.com', 'IOSA3JWBTD', 'cj', 'super_admin', NULL, NULL, 'http://localhost/global_assets/images/user.png', NULL, NULL, NULL, NULL, NULL, NULL, NULL, NULL, '$2y$10$NHk3Y3AT/DmfEuWkHvMM9u12Tkrcrgsx4qN54oDB18IUdfyU9prvi', 'hEHooRwv9M7GZN96EOkRwAmh3zutLFB6yaOZUZAxbDwIqi3qxDdfzFlXP6WV', NULL, NULL),
(2, 'Admin KORA', 'admin@admin.com', 'SCO660HIU2', 'admin', 'admin', NULL, NULL, 'http://localhost/global_assets/images/user.png', NULL, NULL, NULL, NULL, NULL, NULL, NULL, NULL, '$2y$10$NHk3Y3AT/DmfEuWkHvMM9u12Tkrcrgsx4qN54oDB18IUdfyU9prvi', '8k6uB99KPVzKjUOYV0rXMtEEq9JH2bgkGpgZiz9SLqHJg5qZKzugHrAwji2a', NULL, NULL),
(3, 'Teacher Chike', 'teacher@teacher.com', 'XGUVETXYU4', 'teacher', 'teacher', NULL, NULL, 'http://localhost/global_assets/images/user.png', NULL, NULL, NULL, NULL, NULL, NULL, NULL, NULL, '$2y$10$NHk3Y3AT/DmfEuWkHvMM9u12Tkrcrgsx4qN54oDB18IUdfyU9prvi', 'jBig8K1PVJRvOlQ97dUQSXdYpMxdrarKk71zwdjvjTZHh7XLbk5Isf8LbVV9', NULL, NULL),
(4, 'Parent Kaba', 'parent@parent.com', 'TXEWCROM5X', 'parent', 'parent', NULL, NULL, 'http://localhost/global_assets/images/user.png', NULL, NULL, NULL, NULL, NULL, NULL, NULL, NULL, '$2y$10$NHk3Y3AT/DmfEuWkHvMM9u12Tkrcrgsx4qN54oDB18IUdfyU9prvi', 'yFaxAXqDJrF6nJSS0Pen5Soep9HtNpkUUVWChX33hLI96qN5cJhpnHZDK26R', NULL, NULL),
(5, 'Accountant Jeff', 'accountant@accountant.com', 'BHF4TEDDX3', 'accountant', 'accountant', NULL, NULL, 'http://localhost/global_assets/images/user.png', NULL, NULL, NULL, NULL, NULL, NULL, NULL, NULL, '$2y$10$NHk3Y3AT/DmfEuWkHvMM9u12Tkrcrgsx4qN54oDB18IUdfyU9prvi', 'tzgDWeXTgumCw9w6LKPp77Oa90XPWogQpP1GXPBM04K4OcnOcenmPUT9LGIs', NULL, NULL),
(6, 'Admin 1', 'admin1@admin.com', 'PGTT2WWLOG', 'admin1', 'admin', NULL, NULL, 'http://localhost/global_assets/images/user.png', NULL, NULL, NULL, NULL, NULL, NULL, NULL, NULL, '$2y$10$25MbmnWsrvy6zLEWe.G0bemWwhKquKam0pCdikoYLR6rwqYS5OWaS', '2L7Ffe4PnF', NULL, NULL),
(7, 'Teacher 1', 'teacher1@teacher.com', 'QQ3DKBJJKS', 'teacher1', 'teacher', NULL, NULL, 'http://localhost/global_assets/images/user.png', NULL, NULL, NULL, NULL, NULL, NULL, NULL, NULL, '$2y$10$9hpN0DL71L8NOe2aFhFUU.iuhr5ldOIhCULlobUYne9.yyg.quqrS', 'FpU3nwbGN7', NULL, NULL),
(8, 'Accountant 1', 'accountant1@accountant.com', 'SCMI6KNJW3', 'accountant1', 'accountant', NULL, NULL, 'http://localhost/global_assets/images/user.png', NULL, NULL, NULL, NULL, NULL, NULL, NULL, NULL, '$2y$10$YIUy6lUXC4a8MCySeZ1.We1ABBQM1RMyYl8uk3ECZp8XhVscdNHpW', 'boJF0LBU8o', NULL, NULL),
(9, 'Parent 1', 'parent1@parent.com', '8VWIM1X26R', 'parent1', 'parent', NULL, NULL, 'http://localhost/global_assets/images/user.png', NULL, NULL, NULL, NULL, NULL, NULL, NULL, NULL, '$2y$10$/BZa3EMCqO9Y6QP15dZVUusgmwdqERhpz1y21Jbn92l.uH5BJ3uEm', 'IjCoYfk1cK', NULL, NULL),
(10, 'Admin 2', 'admin2@admin.com', 'MV3SOKVD1N', 'admin2', 'admin', NULL, NULL, 'http://localhost/global_assets/images/user.png', NULL, NULL, NULL, NULL, NULL, NULL, NULL, NULL, '$2y$10$BgbJjiuiyR7GvRCR6nZT2.CFXuoyj6Zgu1Hb/5w0yt.vRd4Ze7yNC', 'XGJMTGWTeq', NULL, NULL),
(11, 'Teacher 2', 'teacher2@teacher.com', '2W1EWIJDWI', 'teacher2', 'teacher', NULL, NULL, 'http://localhost/global_assets/images/user.png', NULL, NULL, NULL, NULL, NULL, NULL, NULL, NULL, '$2y$10$J9dlG7Iu/MSJG0CqFyxtxuMGkL8VCwsmarAAgLPHSgewqEW1s1v7y', 'wvPnziSits', NULL, NULL),
(12, 'Accountant 2', 'accountant2@accountant.com', 'TZ56D4WJ0W', 'accountant2', 'accountant', NULL, NULL, 'http://localhost/global_assets/images/user.png', NULL, NULL, NULL, NULL, NULL, NULL, NULL, NULL, '$2y$10$dkkfV199W.3aXxc0IcMBC.LsqigT6jI5LlZxlGcRBWceR9aRXNgWK', 'grfPyDuwvK', NULL, NULL),
(13, 'Parent 2', 'parent2@parent.com', 'VQ5RHHXTQJ', 'parent2', 'parent', NULL, NULL, 'http://localhost/global_assets/images/user.png', NULL, NULL, NULL, NULL, NULL, NULL, NULL, NULL, '$2y$10$mnH0xuL7tjtudmVitmZQXe7j8qe3Zlq3.s8gT3ku4t46YSwV5URHe', 'NCSjFD560R', NULL, NULL),
(14, 'Admin 3', 'admin3@admin.com', 'V6EBS4TKNG', 'admin3', 'admin', NULL, NULL, 'http://localhost/global_assets/images/user.png', NULL, NULL, NULL, NULL, NULL, NULL, NULL, NULL, '$2y$10$NUb/a75sJHFaBNY0MG0KzOhLZ0koGIAcYkQdLykK9TkRu9n2LUmcC', 'RHdFuQtpWN', NULL, NULL),
(15, 'Teacher 3', 'teacher3@teacher.com', '3D10IQNDPU', 'teacher3', 'teacher', NULL, NULL, 'http://localhost/global_assets/images/user.png', NULL, NULL, NULL, NULL, NULL, NULL, NULL, NULL, '$2y$10$a/xyMlWqs0O5pNeKLaVhzupVtk/ReEt8vZA/Gj/htl0pjKzJudtfW', '9pbfvSg1QV', NULL, NULL),
(16, 'Accountant 3', 'accountant3@accountant.com', 'Y4XSE0DAF2', 'accountant3', 'accountant', NULL, NULL, 'http://localhost/global_assets/images/user.png', NULL, NULL, NULL, NULL, NULL, NULL, NULL, NULL, '$2y$10$QVKVBYw5hnILE.U2uNOg9uU7oUmonMFy4Q7nyiGNY6j5xVQn4Dvxu', 'GxMBJRqYQ4', NULL, NULL),
(17, 'Parent 3', 'parent3@parent.com', 'PRBGSNBTHN', 'parent3', 'parent', NULL, NULL, 'http://localhost/global_assets/images/user.png', NULL, NULL, NULL, NULL, NULL, NULL, NULL, NULL, '$2y$10$E99dS4BN.bjFaPpnGkexm.1Wkss82GgzIFKpViVjQVshakCyzVcyG', 'qYeuqHVATE', NULL, NULL),
(18, 'Student CJ', 'student@student.com', 'P9JF8UZR6L', 'student', 'student', NULL, NULL, 'http://localhost/global_assets/images/user.png', NULL, NULL, NULL, NULL, NULL, NULL, NULL, NULL, '$2y$10$gtOpbcGNDjuGvbFn.GUaq.yonSkXICtK23aGgEIxhHCezaoWdcU5S', 'mj8iGf7l8GRqPtqTf5CgRkbUMeuStC2Nnv3X00CtWlJtMbzWMjD1MGSplCgU', '2023-05-08 04:14:36', '2023-05-08 04:14:36'),
(19, 'Dr. Kyla Pagac MD', 'jesus36@example.com', 'OOXDZXHCDS', 'dweissnat', 'student', NULL, NULL, 'http://localhost/global_assets/images/user.png', NULL, NULL, NULL, NULL, NULL, NULL, NULL, NULL, '$2y$10$ZmrAhsWjg1oZBFqXw21w2ONd5TABJ8ubkiLLcqIYEV4WFrKVdT7Mq', 'kSQnW3vuBo', '2023-05-08 04:14:36', '2023-05-08 04:14:36'),
(20, 'Valentina Nitzsche', 'wilderman.drew@example.org', 'ZEZ281UDYN', 'smaggio', 'student', NULL, NULL, 'http://localhost/global_assets/images/user.png', NULL, NULL, NULL, NULL, NULL, NULL, NULL, NULL, '$2y$10$ZmrAhsWjg1oZBFqXw21w2ONd5TABJ8ubkiLLcqIYEV4WFrKVdT7Mq', '0qUgOw8ZFx', '2023-05-08 04:14:37', '2023-05-08 04:14:37'),
(21, 'Osborne Wiza', 'kuphal.susie@example.net', 'AILLZZHDNS', 'ziemann.shanel', 'student', NULL, NULL, 'http://localhost/global_assets/images/user.png', NULL, NULL, NULL, NULL, NULL, NULL, NULL, NULL, '$2y$10$ZmrAhsWjg1oZBFqXw21w2ONd5TABJ8ubkiLLcqIYEV4WFrKVdT7Mq', 'fozHg6laNF', '2023-05-08 04:14:37', '2023-05-08 04:14:37'),
(22, 'Cruz Heidenreich', 'walter.farrell@example.org', 'MRDL96M1CG', 'ratke.torrey', 'student', NULL, NULL, 'http://localhost/global_assets/images/user.png', NULL, NULL, NULL, NULL, NULL, NULL, NULL, NULL, '$2y$10$yyb42mXPhgYCQxkjoEV1OOh1DzhY5lWfECjV558PleZ/LQlzZaHRm', 'QFwlW5OMEw', '2023-05-08 04:14:37', '2023-05-08 04:14:37'),
(23, 'Einar Koss', 'florencio.berge@example.net', 'W0PYTXJLUZ', 'gianni28', 'student', NULL, NULL, 'http://localhost/global_assets/images/user.png', NULL, NULL, NULL, NULL, NULL, NULL, NULL, NULL, '$2y$10$yyb42mXPhgYCQxkjoEV1OOh1DzhY5lWfECjV558PleZ/LQlzZaHRm', 'yG3Onwfn0B', '2023-05-08 04:14:37', '2023-05-08 04:14:37'),
(24, 'Freida Larkin', 'koepp.adolph@example.com', 'BFCJAYLONS', 'madilyn74', 'student', NULL, NULL, 'http://localhost/global_assets/images/user.png', NULL, NULL, NULL, NULL, NULL, NULL, NULL, NULL, '$2y$10$yyb42mXPhgYCQxkjoEV1OOh1DzhY5lWfECjV558PleZ/LQlzZaHRm', 'ypYiUwGIyp', '2023-05-08 04:14:37', '2023-05-08 04:14:37'),
(25, 'Bill Pacocha', 'sarah94@example.net', 'SFJPFLSY4S', 'tbrown', 'student', NULL, NULL, 'http://localhost/global_assets/images/user.png', NULL, NULL, NULL, NULL, NULL, NULL, NULL, NULL, '$2y$10$nCjtNajebDXjDswm0szFtuADUr018sQs8XuZYYSeLw563a1DCPqHy', 'WkIv8T2exw', '2023-05-08 04:14:37', '2023-05-08 04:14:37'),
(26, 'Brannon Rippin', 'saul.gerlach@example.com', 'V7M1M521JF', 'breitenberg.cornelius', 'student', NULL, NULL, 'http://localhost/global_assets/images/user.png', NULL, NULL, NULL, NULL, NULL, NULL, NULL, NULL, '$2y$10$nCjtNajebDXjDswm0szFtuADUr018sQs8XuZYYSeLw563a1DCPqHy', 'UwEFcXj5yi', '2023-05-08 04:14:37', '2023-05-08 04:14:37'),
(27, 'Armando Lueilwitz', 'retta.crist@example.net', 'R4EII2ARJ9', 'hermiston.willie', 'student', NULL, NULL, 'http://localhost/global_assets/images/user.png', NULL, NULL, NULL, NULL, NULL, NULL, NULL, NULL, '$2y$10$nCjtNajebDXjDswm0szFtuADUr018sQs8XuZYYSeLw563a1DCPqHy', 'QP5Yus9Yqm', '2023-05-08 04:14:37', '2023-05-08 04:14:37'),
(28, 'Tremaine Hoppe', 'verda.damore@example.com', 'DRRMFKSUTE', 'krystina61', 'student', NULL, NULL, 'http://localhost/global_assets/images/user.png', NULL, NULL, NULL, NULL, NULL, NULL, NULL, NULL, '$2y$10$RokgmmuDq0APj64fGs3VDuL8Ko43AxSCsEJeNXWzfA5Q1MXc3wOxG', 'ZdWXeWszBI', '2023-05-08 04:14:38', '2023-05-08 04:14:38'),
(29, 'Jarred Hand PhD', 'nkilback@example.net', 'CQV0ZNKAVL', 'ewell.douglas', 'student', NULL, NULL, 'http://localhost/global_assets/images/user.png', NULL, NULL, NULL, NULL, NULL, NULL, NULL, NULL, '$2y$10$RokgmmuDq0APj64fGs3VDuL8Ko43AxSCsEJeNXWzfA5Q1MXc3wOxG', 'LzxYylf1ZL', '2023-05-08 04:14:38', '2023-05-08 04:14:38'),
(30, 'Gayle Terry V', 'howell.cathrine@example.net', 'GSLXQMRAEZ', 'jettie97', 'student', NULL, NULL, 'http://localhost/global_assets/images/user.png', NULL, NULL, NULL, NULL, NULL, NULL, NULL, NULL, '$2y$10$RokgmmuDq0APj64fGs3VDuL8Ko43AxSCsEJeNXWzfA5Q1MXc3wOxG', 'KAF7UEpeTF', '2023-05-08 04:14:38', '2023-05-08 04:14:38'),
(31, 'Frida Goodwin MD', 'kozey.rose@example.net', 'GP3ZLMQSIZ', 'klein.katharina', 'student', NULL, NULL, 'http://localhost/global_assets/images/user.png', NULL, NULL, NULL, NULL, NULL, NULL, NULL, NULL, '$2y$10$Qz.VJQw2T0.B7Td.qaRXCeAQ18BMb/lz3B9Wrsuh302OXpuyw27Aa', '31xgfMhDRX', '2023-05-08 04:14:38', '2023-05-08 04:14:38'),
(32, 'Riley Kerluke', 'bergstrom.myrtice@example.org', 'BOHPDRQM8D', 'anastacio.price', 'student', NULL, NULL, 'http://localhost/global_assets/images/user.png', NULL, NULL, NULL, NULL, NULL, NULL, NULL, NULL, '$2y$10$Qz.VJQw2T0.B7Td.qaRXCeAQ18BMb/lz3B9Wrsuh302OXpuyw27Aa', 'iPKl8HrrHn', '2023-05-08 04:14:38', '2023-05-08 04:14:38'),
(33, 'Stone Friesen', 'emory.legros@example.net', '2NCBLTEIE0', 'deshawn.thiel', 'student', NULL, NULL, 'http://localhost/global_assets/images/user.png', NULL, NULL, NULL, NULL, NULL, NULL, NULL, NULL, '$2y$10$Qz.VJQw2T0.B7Td.qaRXCeAQ18BMb/lz3B9Wrsuh302OXpuyw27Aa', 'SBBJWyr8kj', '2023-05-08 04:14:38', '2023-05-08 04:14:38'),
(34, 'Karine Feest', 'braden.bernier@example.org', 'NHR3A2QTZK', 'javonte38', 'student', NULL, NULL, 'http://localhost/global_assets/images/user.png', NULL, NULL, NULL, NULL, NULL, NULL, NULL, NULL, '$2y$10$GLAIISJD.D6cEq5aRue1du.WSWJT7skyXa/nHWKNq57zTWSDAKFdC', 'kkx9F90eWl', '2023-05-08 04:14:39', '2023-05-08 04:14:39'),
(35, 'Lillian Jast', 'jonatan.runolfsdottir@example.org', '1XH3HDVCHA', 'tpfeffer', 'student', NULL, NULL, 'http://localhost/global_assets/images/user.png', NULL, NULL, NULL, NULL, NULL, NULL, NULL, NULL, '$2y$10$GLAIISJD.D6cEq5aRue1du.WSWJT7skyXa/nHWKNq57zTWSDAKFdC', 'J1jCvCERWl', '2023-05-08 04:14:39', '2023-05-08 04:14:39'),
(36, 'Nella Grant', 'sgleason@example.org', '5IE2C4NVPT', 'qheidenreich', 'student', NULL, NULL, 'http://localhost/global_assets/images/user.png', NULL, NULL, NULL, NULL, NULL, NULL, NULL, NULL, '$2y$10$GLAIISJD.D6cEq5aRue1du.WSWJT7skyXa/nHWKNq57zTWSDAKFdC', '6VTpU2poGE', '2023-05-08 04:14:39', '2023-05-08 04:14:39'),
(37, 'Karolann Predovic', 'gregorio.mckenzie@example.com', '7QGLFTMNUW', 'sporer.camilla', 'student', NULL, NULL, 'http://localhost/global_assets/images/user.png', NULL, NULL, NULL, NULL, NULL, NULL, NULL, NULL, '$2y$10$DnnxeWVX2.xJRTWXZeubGeFwHPV3dz8jgIfaEeBJkw1rMicWzfcHm', 'qibK4mzmos', '2023-05-08 04:14:39', '2023-05-08 04:14:39'),
(38, 'Owen Rolfson', 'jessica.hagenes@example.org', 'KV2U7UBQW4', 'wlarson', 'student', NULL, NULL, 'http://localhost/global_assets/images/user.png', NULL, NULL, NULL, NULL, NULL, NULL, NULL, NULL, '$2y$10$DnnxeWVX2.xJRTWXZeubGeFwHPV3dz8jgIfaEeBJkw1rMicWzfcHm', 'God2CK1lq9', '2023-05-08 04:14:39', '2023-05-08 04:14:39'),
(39, 'Lucienne Crona', 'waelchi.jaylin@example.net', 'SAS6CR878K', 'madie23', 'student', NULL, NULL, 'http://localhost/global_assets/images/user.png', NULL, NULL, NULL, NULL, NULL, NULL, NULL, NULL, '$2y$10$DnnxeWVX2.xJRTWXZeubGeFwHPV3dz8jgIfaEeBJkw1rMicWzfcHm', 'ZOW99S51cv', '2023-05-08 04:14:39', '2023-05-08 04:14:39'),
(40, 'Declan Parker III', 'hank.emmerich@example.net', 'MEK2VKGBW6', 'helen89', 'student', NULL, NULL, 'http://localhost/global_assets/images/user.png', NULL, NULL, NULL, NULL, NULL, NULL, NULL, NULL, '$2y$10$FVlKubcZMPK0KmUPpuIRnOGB3gDDih33bd9Zi.xPpvmWlJsBekPZq', '67f1WS4A7b', '2023-05-08 04:14:40', '2023-05-08 04:14:40'),
(41, 'Prof. Demetrius Reichert', 'zlockman@example.org', 'TRNN7NQ3BR', 'gilberto54', 'student', NULL, NULL, 'http://localhost/global_assets/images/user.png', NULL, NULL, NULL, NULL, NULL, NULL, NULL, NULL, '$2y$10$FVlKubcZMPK0KmUPpuIRnOGB3gDDih33bd9Zi.xPpvmWlJsBekPZq', 'FakrhbDuEw', '2023-05-08 04:14:40', '2023-05-08 04:14:40'),
(42, 'Prof. Caterina Mante', 'ehyatt@example.org', 'OXQVDD6GXM', 'zbechtelar', 'student', NULL, NULL, 'http://localhost/global_assets/images/user.png', NULL, NULL, NULL, NULL, NULL, NULL, NULL, NULL, '$2y$10$FVlKubcZMPK0KmUPpuIRnOGB3gDDih33bd9Zi.xPpvmWlJsBekPZq', 'zQyenVCegI', '2023-05-08 04:14:40', '2023-05-08 04:14:40'),
(43, 'Dr. Mya Heidenreich Sr.', 'percival.auer@example.org', 'BJLK1C6ZQG', 'temmerich', 'student', NULL, NULL, 'http://localhost/global_assets/images/user.png', NULL, NULL, NULL, NULL, NULL, NULL, NULL, NULL, '$2y$10$CVpqQQBP0SZOjtfkvX1IceArINddmsJsTCLu8jcftJd6iJOpb9jTq', 'qBLbXmPGfq', '2023-05-08 04:14:40', '2023-05-08 04:14:40'),
(44, 'Dr. Van Eichmann', 'marie85@example.net', 'YMH84PFTCU', 'davonte19', 'student', NULL, NULL, 'http://localhost/global_assets/images/user.png', NULL, NULL, NULL, NULL, NULL, NULL, NULL, NULL, '$2y$10$CVpqQQBP0SZOjtfkvX1IceArINddmsJsTCLu8jcftJd6iJOpb9jTq', 'Ehov54vXr4', '2023-05-08 04:14:40', '2023-05-08 04:14:40'),
(45, 'Kenya Corwin', 'aoberbrunner@example.com', 'DC5P9EBWL6', 'boyd26', 'student', NULL, NULL, 'http://localhost/global_assets/images/user.png', NULL, NULL, NULL, NULL, NULL, NULL, NULL, NULL, '$2y$10$CVpqQQBP0SZOjtfkvX1IceArINddmsJsTCLu8jcftJd6iJOpb9jTq', 'oGt4UPfUoH', '2023-05-08 04:14:40', '2023-05-08 04:14:40'),
(46, 'Monica Bogisich', 'zebert@example.net', '0ELZD83BGH', 'bianka89', 'student', NULL, NULL, 'http://localhost/global_assets/images/user.png', NULL, NULL, NULL, NULL, NULL, NULL, NULL, NULL, '$2y$10$oPoRlqcLOZekoQzvav0gTuLH8OPp7JIRb.8xvdBTwJDg/VE/FG9K.', 'MUET9VQi9L', '2023-05-08 04:14:41', '2023-05-08 04:14:41'),
(47, 'Afton Cronin', 'carlee57@example.org', '2DZY5HLKU5', 'janis31', 'student', NULL, NULL, 'http://localhost/global_assets/images/user.png', NULL, NULL, NULL, NULL, NULL, NULL, NULL, NULL, '$2y$10$oPoRlqcLOZekoQzvav0gTuLH8OPp7JIRb.8xvdBTwJDg/VE/FG9K.', 'V4qZQ06fJT', '2023-05-08 04:14:41', '2023-05-08 04:14:41'),
(48, 'Orrin Monahan', 'wilbert.watsica@example.net', '71KSQPEPSC', 'volkman.genoveva', 'student', NULL, NULL, 'http://localhost/global_assets/images/user.png', NULL, NULL, NULL, NULL, NULL, NULL, NULL, NULL, '$2y$10$oPoRlqcLOZekoQzvav0gTuLH8OPp7JIRb.8xvdBTwJDg/VE/FG9K.', 'ZyH43RNhyA', '2023-05-08 04:14:41', '2023-05-08 04:14:41'),
(49, 'Dakota Lynch', 'nannie16@example.net', 'LQ1MZAEGYL', 'quigley.francisco', 'student', NULL, NULL, 'http://localhost/global_assets/images/user.png', NULL, NULL, NULL, NULL, NULL, NULL, NULL, NULL, '$2y$10$5lltWfl64B27n3As0V1mxuOVRAfkdF9kfpaV/6k.2AcLBGZA7DZ8K', 'FHKeKLjik8', '2023-05-08 04:14:42', '2023-05-08 04:14:42'),
(50, 'Mr. Kristofer Ratke', 'xpowlowski@example.com', 'CDOCLJF43D', 'wilton.hudson', 'student', NULL, NULL, 'http://localhost/global_assets/images/user.png', NULL, NULL, NULL, NULL, NULL, NULL, NULL, NULL, '$2y$10$5lltWfl64B27n3As0V1mxuOVRAfkdF9kfpaV/6k.2AcLBGZA7DZ8K', 'cMSLZjrZD3', '2023-05-08 04:14:42', '2023-05-08 04:14:42'),
(51, 'Ivah Muller', 'abraham72@example.org', 'GKEQWNLDKU', 'kbergnaum', 'student', NULL, NULL, 'http://localhost/global_assets/images/user.png', NULL, NULL, NULL, NULL, NULL, NULL, NULL, NULL, '$2y$10$5lltWfl64B27n3As0V1mxuOVRAfkdF9kfpaV/6k.2AcLBGZA7DZ8K', '02cauPEgc6', '2023-05-08 04:14:42', '2023-05-08 04:14:42'),
(52, 'Vernice Greenholt III', 'lkerluke@example.org', 'OLNX70HZJT', 'antonia73', 'student', NULL, NULL, 'http://localhost/global_assets/images/user.png', NULL, NULL, NULL, NULL, NULL, NULL, NULL, NULL, '$2y$10$qr3R2PFqj.yqy4G6peqReu64g91QFZeUr5TmRgM90nbLRSFuZ6V42', 'AT63fyxzkd', '2023-05-08 04:14:42', '2023-05-08 04:14:42'),
(53, 'Lou Marks DDS', 'rahul.flatley@example.com', 'SVVCXDZY8G', 'moore.wiley', 'student', NULL, NULL, 'http://localhost/global_assets/images/user.png', NULL, NULL, NULL, NULL, NULL, NULL, NULL, NULL, '$2y$10$qr3R2PFqj.yqy4G6peqReu64g91QFZeUr5TmRgM90nbLRSFuZ6V42', 'x2bhyvonye', '2023-05-08 04:14:42', '2023-05-08 04:14:42'),
(54, 'Dell Mueller', 'gaetano.heathcote@example.com', 'LRVS9AL6A2', 'wisoky.kory', 'student', NULL, NULL, 'http://localhost/global_assets/images/user.png', NULL, NULL, NULL, NULL, NULL, NULL, NULL, NULL, '$2y$10$qr3R2PFqj.yqy4G6peqReu64g91QFZeUr5TmRgM90nbLRSFuZ6V42', '9szj1Bj6uQ', '2023-05-08 04:14:42', '2023-05-08 04:14:42'),
(55, 'Oteaaa', 'otea@otea.com', 'ZW18DHXR1S', 'Utalii/STAFF/1970/01/4127', 'teacher', NULL, 'Male', 'http://127.0.0.1:8000/global_assets/images/user.png', NULL, NULL, NULL, 4, 70, 176, 'Daslam', NULL, '$2y$10$D7ScLGFp90L9vSk1Nfy0AeuQRYqGN.JM..iFQX/2Vj5eZx4JKYZwG', NULL, '2023-05-08 04:57:26', '2023-05-08 04:57:26');

-- --------------------------------------------------------

--
-- Table structure for table `user_types`
--

CREATE TABLE `user_types` (
  `id` int(10) UNSIGNED NOT NULL,
  `title` varchar(255) NOT NULL,
  `name` varchar(255) NOT NULL,
  `level` varchar(255) NOT NULL,
  `created_at` timestamp NULL DEFAULT NULL,
  `updated_at` timestamp NULL DEFAULT NULL
) ENGINE=InnoDB DEFAULT CHARSET=utf8mb4 COLLATE=utf8mb4_unicode_ci;

--
-- Dumping data for table `user_types`
--

INSERT INTO `user_types` (`id`, `title`, `name`, `level`, `created_at`, `updated_at`) VALUES
(1, 'accountant', 'Accountant', '5', NULL, NULL),
(2, 'parent', 'Parent', '4', NULL, NULL),
(3, 'teacher', 'Teacher', '3', NULL, NULL),
(4, 'admin', 'Admin', '2', NULL, NULL),
(5, 'super_admin', 'Super Admin', '1', NULL, NULL),
(6, 'accountant', 'Accountant', '5', NULL, NULL),
(7, 'parent', 'Parent', '4', NULL, NULL),
(8, 'teacher', 'Teacher', '3', NULL, NULL),
(9, 'admin', 'Admin', '2', NULL, NULL),
(10, 'super_admin', 'Super Admin', '1', NULL, NULL);

--
-- Indexes for dumped tables
--

--
-- Indexes for table `blood_groups`
--
ALTER TABLE `blood_groups`
  ADD PRIMARY KEY (`id`);

--
-- Indexes for table `books`
--
ALTER TABLE `books`
  ADD PRIMARY KEY (`id`);

--
-- Indexes for table `book_requests`
--
ALTER TABLE `book_requests`
  ADD PRIMARY KEY (`id`);

--
-- Indexes for table `class_types`
--
ALTER TABLE `class_types`
  ADD PRIMARY KEY (`id`);

--
-- Indexes for table `dorms`
--
ALTER TABLE `dorms`
  ADD PRIMARY KEY (`id`),
  ADD UNIQUE KEY `dorms_name_unique` (`name`);

--
-- Indexes for table `exams`
--
ALTER TABLE `exams`
  ADD PRIMARY KEY (`id`),
  ADD UNIQUE KEY `exams_term_year_unique` (`term`,`year`);

--
-- Indexes for table `exam_records`
--
ALTER TABLE `exam_records`
  ADD PRIMARY KEY (`id`);

--
-- Indexes for table `grades`
--
ALTER TABLE `grades`
  ADD PRIMARY KEY (`id`),
  ADD UNIQUE KEY `grades_name_class_type_id_remark_unique` (`name`,`class_type_id`,`remark`);

--
-- Indexes for table `lgas`
--
ALTER TABLE `lgas`
  ADD PRIMARY KEY (`id`),
  ADD KEY `lgas_state_id_foreign` (`state_id`);

--
-- Indexes for table `marks`
--
ALTER TABLE `marks`
  ADD PRIMARY KEY (`id`);

--
-- Indexes for table `migrations`
--
ALTER TABLE `migrations`
  ADD PRIMARY KEY (`id`);

--
-- Indexes for table `my_classes`
--
ALTER TABLE `my_classes`
  ADD PRIMARY KEY (`id`),
  ADD UNIQUE KEY `my_classes_class_type_id_name_unique` (`class_type_id`,`name`);

--
-- Indexes for table `nationalities`
--
ALTER TABLE `nationalities`
  ADD PRIMARY KEY (`id`);

--
-- Indexes for table `password_resets`
--
ALTER TABLE `password_resets`
  ADD KEY `password_resets_email_index` (`email`);

--
-- Indexes for table `payments`
--
ALTER TABLE `payments`
  ADD PRIMARY KEY (`id`),
  ADD UNIQUE KEY `payments_ref_no_unique` (`ref_no`);

--
-- Indexes for table `payment_records`
--
ALTER TABLE `payment_records`
  ADD PRIMARY KEY (`id`),
  ADD UNIQUE KEY `payment_records_ref_no_unique` (`ref_no`);

--
-- Indexes for table `pins`
--
ALTER TABLE `pins`
  ADD PRIMARY KEY (`id`),
  ADD UNIQUE KEY `pins_code_unique` (`code`);

--
-- Indexes for table `receipts`
--
ALTER TABLE `receipts`
  ADD PRIMARY KEY (`id`);

--
-- Indexes for table `sections`
--
ALTER TABLE `sections`
  ADD PRIMARY KEY (`id`),
  ADD UNIQUE KEY `sections_name_my_class_id_unique` (`name`,`my_class_id`);

--
-- Indexes for table `settings`
--
ALTER TABLE `settings`
  ADD PRIMARY KEY (`id`);

--
-- Indexes for table `skills`
--
ALTER TABLE `skills`
  ADD PRIMARY KEY (`id`);

--
-- Indexes for table `staff_records`
--
ALTER TABLE `staff_records`
  ADD PRIMARY KEY (`id`),
  ADD UNIQUE KEY `staff_records_code_unique` (`code`);

--
-- Indexes for table `states`
--
ALTER TABLE `states`
  ADD PRIMARY KEY (`id`);

--
-- Indexes for table `student_records`
--
ALTER TABLE `student_records`
  ADD PRIMARY KEY (`id`),
  ADD UNIQUE KEY `student_records_adm_no_unique` (`adm_no`);

--
-- Indexes for table `subjects`
--
ALTER TABLE `subjects`
  ADD PRIMARY KEY (`id`),
  ADD UNIQUE KEY `subjects_my_class_id_name_unique` (`my_class_id`,`name`);

--
-- Indexes for table `time_slots`
--
ALTER TABLE `time_slots`
  ADD PRIMARY KEY (`id`),
  ADD UNIQUE KEY `time_slots_timestamp_from_timestamp_to_ttr_id_unique` (`timestamp_from`,`timestamp_to`,`ttr_id`);

--
-- Indexes for table `time_tables`
--
ALTER TABLE `time_tables`
  ADD PRIMARY KEY (`id`),
  ADD UNIQUE KEY `time_tables_ttr_id_ts_id_day_unique` (`ttr_id`,`ts_id`,`day`),
  ADD UNIQUE KEY `time_tables_ttr_id_ts_id_exam_date_unique` (`ttr_id`,`ts_id`,`exam_date`);

--
-- Indexes for table `time_table_records`
--
ALTER TABLE `time_table_records`
  ADD PRIMARY KEY (`id`),
  ADD UNIQUE KEY `time_table_records_name_unique` (`name`),
  ADD UNIQUE KEY `time_table_records_my_class_id_exam_id_year_unique` (`my_class_id`,`exam_id`,`year`);

--
-- Indexes for table `users`
--
ALTER TABLE `users`
  ADD PRIMARY KEY (`id`),
  ADD UNIQUE KEY `users_code_unique` (`code`),
  ADD UNIQUE KEY `users_email_unique` (`email`),
  ADD UNIQUE KEY `users_username_unique` (`username`);

--
-- Indexes for table `user_types`
--
ALTER TABLE `user_types`
  ADD PRIMARY KEY (`id`);

--
-- AUTO_INCREMENT for dumped tables
--

--
-- AUTO_INCREMENT for table `blood_groups`
--
ALTER TABLE `blood_groups`
  MODIFY `id` int(10) UNSIGNED NOT NULL AUTO_INCREMENT, AUTO_INCREMENT=33;

--
-- AUTO_INCREMENT for table `books`
--
ALTER TABLE `books`
  MODIFY `id` int(10) UNSIGNED NOT NULL AUTO_INCREMENT;

--
-- AUTO_INCREMENT for table `book_requests`
--
ALTER TABLE `book_requests`
  MODIFY `id` int(10) UNSIGNED NOT NULL AUTO_INCREMENT;

--
-- AUTO_INCREMENT for table `class_types`
--
ALTER TABLE `class_types`
  MODIFY `id` int(10) UNSIGNED NOT NULL AUTO_INCREMENT, AUTO_INCREMENT=13;

--
-- AUTO_INCREMENT for table `dorms`
--
ALTER TABLE `dorms`
  MODIFY `id` bigint(20) UNSIGNED NOT NULL AUTO_INCREMENT, AUTO_INCREMENT=8;

--
-- AUTO_INCREMENT for table `exams`
--
ALTER TABLE `exams`
  MODIFY `id` int(10) UNSIGNED NOT NULL AUTO_INCREMENT;

--
-- AUTO_INCREMENT for table `exam_records`
--
ALTER TABLE `exam_records`
  MODIFY `id` int(10) UNSIGNED NOT NULL AUTO_INCREMENT;

--
-- AUTO_INCREMENT for table `grades`
--
ALTER TABLE `grades`
  MODIFY `id` int(10) UNSIGNED NOT NULL AUTO_INCREMENT, AUTO_INCREMENT=25;

--
-- AUTO_INCREMENT for table `lgas`
--
ALTER TABLE `lgas`
  MODIFY `id` int(10) UNSIGNED NOT NULL AUTO_INCREMENT, AUTO_INCREMENT=775;

--
-- AUTO_INCREMENT for table `marks`
--
ALTER TABLE `marks`
  MODIFY `id` int(10) UNSIGNED NOT NULL AUTO_INCREMENT;

--
-- AUTO_INCREMENT for table `migrations`
--
ALTER TABLE `migrations`
  MODIFY `id` int(10) UNSIGNED NOT NULL AUTO_INCREMENT, AUTO_INCREMENT=29;

--
-- AUTO_INCREMENT for table `my_classes`
--
ALTER TABLE `my_classes`
  MODIFY `id` int(10) UNSIGNED NOT NULL AUTO_INCREMENT, AUTO_INCREMENT=21;

--
-- AUTO_INCREMENT for table `nationalities`
--
ALTER TABLE `nationalities`
  MODIFY `id` int(10) UNSIGNED NOT NULL AUTO_INCREMENT, AUTO_INCREMENT=194;

--
-- AUTO_INCREMENT for table `payments`
--
ALTER TABLE `payments`
  MODIFY `id` int(10) UNSIGNED NOT NULL AUTO_INCREMENT;

--
-- AUTO_INCREMENT for table `payment_records`
--
ALTER TABLE `payment_records`
  MODIFY `id` int(10) UNSIGNED NOT NULL AUTO_INCREMENT;

--
-- AUTO_INCREMENT for table `pins`
--
ALTER TABLE `pins`
  MODIFY `id` int(10) UNSIGNED NOT NULL AUTO_INCREMENT;

--
-- AUTO_INCREMENT for table `receipts`
--
ALTER TABLE `receipts`
  MODIFY `id` int(10) UNSIGNED NOT NULL AUTO_INCREMENT;

--
-- AUTO_INCREMENT for table `sections`
--
ALTER TABLE `sections`
  MODIFY `id` int(10) UNSIGNED NOT NULL AUTO_INCREMENT, AUTO_INCREMENT=13;

--
-- AUTO_INCREMENT for table `settings`
--
ALTER TABLE `settings`
  MODIFY `id` int(10) UNSIGNED NOT NULL AUTO_INCREMENT, AUTO_INCREMENT=20;

--
-- AUTO_INCREMENT for table `skills`
--
ALTER TABLE `skills`
  MODIFY `id` int(10) UNSIGNED NOT NULL AUTO_INCREMENT, AUTO_INCREMENT=15;

--
-- AUTO_INCREMENT for table `staff_records`
--
ALTER TABLE `staff_records`
  MODIFY `id` int(10) UNSIGNED NOT NULL AUTO_INCREMENT, AUTO_INCREMENT=2;

--
-- AUTO_INCREMENT for table `states`
--
ALTER TABLE `states`
  MODIFY `id` int(10) UNSIGNED NOT NULL AUTO_INCREMENT, AUTO_INCREMENT=38;

--
-- AUTO_INCREMENT for table `student_records`
--
ALTER TABLE `student_records`
  MODIFY `id` int(10) UNSIGNED NOT NULL AUTO_INCREMENT, AUTO_INCREMENT=38;

--
-- AUTO_INCREMENT for table `subjects`
--
ALTER TABLE `subjects`
  MODIFY `id` int(10) UNSIGNED NOT NULL AUTO_INCREMENT, AUTO_INCREMENT=21;

--
-- AUTO_INCREMENT for table `time_slots`
--
ALTER TABLE `time_slots`
  MODIFY `id` int(10) UNSIGNED NOT NULL AUTO_INCREMENT;

--
-- AUTO_INCREMENT for table `time_tables`
--
ALTER TABLE `time_tables`
  MODIFY `id` int(10) UNSIGNED NOT NULL AUTO_INCREMENT;

--
-- AUTO_INCREMENT for table `time_table_records`
--
ALTER TABLE `time_table_records`
  MODIFY `id` int(10) UNSIGNED NOT NULL AUTO_INCREMENT;

--
-- AUTO_INCREMENT for table `users`
--
ALTER TABLE `users`
  MODIFY `id` int(10) UNSIGNED NOT NULL AUTO_INCREMENT, AUTO_INCREMENT=56;

--
-- AUTO_INCREMENT for table `user_types`
--
ALTER TABLE `user_types`
  MODIFY `id` int(10) UNSIGNED NOT NULL AUTO_INCREMENT, AUTO_INCREMENT=11;

--
-- Constraints for dumped tables
--

--
-- Constraints for table `lgas`
--
ALTER TABLE `lgas`
  ADD CONSTRAINT `lgas_state_id_foreign` FOREIGN KEY (`state_id`) REFERENCES `states` (`id`) ON DELETE CASCADE;
COMMIT;

/*!40101 SET CHARACTER_SET_CLIENT=@OLD_CHARACTER_SET_CLIENT */;
/*!40101 SET CHARACTER_SET_RESULTS=@OLD_CHARACTER_SET_RESULTS */;
/*!40101 SET COLLATION_CONNECTION=@OLD_COLLATION_CONNECTION */;
